goat_rank_v4,player_name,player_status,goat_score_v4,goat_pct_v4,pillar4_volume,pillar4_peak,pillar4_context,pillar4_honors,era_scalar_v4,individual_brilliance_score,peak_year_v4,peak_era_mult_v4,prime_team_win_pct,avg_team_win_pct,adj_career_ppg,adj_career_rpg,adj_career_apg,career_per,career_ts_pct,career_bpm,career_vorp,adj_career_ws,n_seasons,career_g,mvp,championships,allstar,all_nba_1st,all_nba_2nd,all_nba_3rd,all_def_1st_v4,all_def_2nd_v4,dpoy,rings_adj_v4,stockton_mult_v4
1,Kareem Abdul-Jabbar,historical,75.1,99.0,70.86305012636201,97.68693159506793,50.52684370985875,81.32585445245292,1.0,66.87,1972,1.08,0.6199090909090909,0.6635500000000001,23.81,10.54,3.42,12.9,0.511,-2.1,0.0,258.04,20,74.0,6.0,6.0,19.0,10.0,5.0,0.0,5.0,6.0,0.0,6.0,1.0
2,LeBron James,active,74.4,98.0,71.84721197518837,92.86761433545381,63.09299437640385,69.77918313570487,0.88,75.14,2008,1.0,0.6546363636363636,0.5846086956521739,27.99,7.73,7.66,20.5,0.586,3.0,1.9,288.22,23,45.0,4.0,4.0,20.0,13.0,3.0,3.0,5.0,1.0,0.0,3.7,1.0
3,Michael Jordan,historical,70.47,97.0,55.16542594509884,98.76964580224613,57.508405450940856,70.44520654111447,0.97,66.85,1988,1.08,0.7416,0.648,29.37,5.92,4.95,19.3,0.491,1.7,2.8,204.64,15,82.0,5.0,6.0,14.0,10.0,1.0,0.0,8.0,1.0,1.0,6.0,1.0
4,Tim Duncan,historical,62.53,96.0,58.881383053057064,82.07766110376532,54.69162538413367,54.46613190730837,0.97,58.68,2002,1.0,0.6643636363636364,0.6632105263157895,20.55,11.49,3.2,16.9,0.523,3.0,2.0,220.24,19,61.0,2.0,5.0,15.0,10.0,3.0,2.0,8.0,7.0,0.0,5.0,1.0
5,Nikola Jokic,active,62.16,94.9,44.05494890119574,88.42643132019164,82.94575484682841,33.224598930481285,0.88,100.0,2024,0.9,0.6042857142857143,0.5430909090909091,22.37,11.09,7.54,33.6,0.68,14.8,7.5,139.39,11,51.0,3.0,1.0,7.0,5.0,1.0,1.0,0.0,0.0,0.0,1.0,1.0
6,Karl Malone,historical,60.52,93.9,57.50434895459122,86.55716616524211,53.88015680203268,44.152600170502986,0.97,56.11,1996,1.0,0.6730909090909091,0.6501052631578947,25.11,9.91,3.57,17.8,0.555,2.8,1.7,230.9,19,42.0,2.0,0.0,14.0,11.0,3.0,0.0,4.0,1.0,0.0,0.0,1.0
7,Kevin Durant,active,60.5,92.9,60.8049575807532,88.78068404932067,59.893180861888,32.52052235914128,0.88,73.91,2014,0.93,0.6403333333333333,0.58425,28.02,7.05,4.55,20.9,0.635,4.1,3.5,197.36,20,62.0,1.0,2.0,14.0,6.0,5.0,2.0,1.0,0.0,0.0,1.7,1.0
8,Magic Johnson,historical,59.54,91.9,39.610830758063344,94.62835938113565,51.549151106265896,52.38770053475936,1.0,60.21,1989,1.08,0.699875,0.6933846153846154,18.84,6.82,10.3,21.1,0.612,5.2,1.8,146.49,13,32.0,3.0,5.0,12.0,10.0,2.0,0.0,0.0,0.0,0.0,5.0,1.0
9,Larry Bird,historical,58.91,90.9,42.298915585031445,92.55877640775937,53.845612484018815,46.943617763310854,1.0,57.04,1986,1.08,0.7008181818181818,0.6868461538461539,23.09,9.13,5.92,21.0,0.547,5.5,3.1,138.03,13,45.0,3.0,3.0,12.0,9.0,1.0,0.0,0.0,3.0,0.0,3.0,1.0
10,Kobe Bryant,historical,58.9,89.9,62.8060035684739,79.73801753648364,42.421029582984744,50.63919243586763,0.97,59.8,2006,1.0,0.6475454545454545,0.62375,26.31,5.54,5.07,14.9,0.469,-1.6,0.2,184.87,20,66.0,1.0,5.0,18.0,11.0,2.0,2.0,9.0,3.0,0.0,5.0,1.0
11,Wilt Chamberlain,historical,57.97,88.9,51.50607148581953,84.67580328898833,46.59954923023579,49.1060606060606,1.15,35.44,1966,1.08,0.6257692307692307,0.6319375,28.24,20.37,3.86,,,0.8500000000000001,0.7,235.07,16,,4.0,2.0,13.0,7.0,3.0,0.0,0.0,0.0,0.0,2.0,1.0
12,Kevin Garnett,historical,57.43,87.9,61.00446809224004,84.91446111154741,51.75099619953178,32.0643261257072,0.97,74.05,2004,1.0,0.5910000000000001,0.5319130434782608,17.54,9.94,3.59,12.3,0.491,1.5,0.5,206.36,23,38.0,1.0,1.0,15.0,4.0,4.0,1.0,9.0,3.0,1.0,1.0,1.0
13,Shaquille O'Neal,historical,57.22,86.9,52.50197006492084,91.22836985261392,43.26537947030069,41.88901805781601,0.97,53.75,2000,1.0,0.6928181818181819,0.628904761904762,23.57,10.8,2.45,17.4,0.659,0.3,0.4,191.09,21,37.0,1.0,4.0,15.0,8.0,6.0,0.0,3.0,0.0,0.0,4.0,1.0
14,John Stockton,historical,56.69,85.9,55.173339066191325,86.9829707583968,62.08235431314692,22.52173913043478,0.97,64.05,1990,1.0,0.6587272727272727,0.6404736842105263,13.22,2.65,10.14,21.0,0.577,5.0,4.0,202.67,19,82.0,0.0,0.0,10.0,6.0,5.0,0.0,2.0,3.0,0.0,0.0,0.9
15,Charles Barkley,historical,55.44,84.8,42.94298039986967,99.79129034791487,52.2638370195143,26.77323103154305,0.97,80.62,1989,1.08,0.5233636363636364,0.5245,21.42,11.29,3.8,19.8,0.534,2.0,0.6,168.51,16,20.0,1.0,0.0,11.0,5.0,5.0,1.0,0.0,5.0,0.0,0.0,1.0
16,Stephen Curry,active,55.21,83.8,48.06461315364882,83.26066127385533,52.90824834630101,36.623885918003566,0.88,69.83,2016,0.9,0.645090909090909,0.5781176470588235,25.01,4.74,6.38,22.7,0.636,5.3,2.3,151.03,17,39.0,2.0,4.0,10.0,5.0,4.0,1.0,0.0,0.0,0.0,4.0,1.0
17,Giannis Antetokounmpo,active,54.87,82.8,41.751438620776646,85.14004947773502,60.26855248716315,32.30686662016585,0.88,83.32,2020,0.9,0.6315,0.535923076923077,24.68,10.11,5.11,32.4,0.661,9.4,2.9,126.01,13,35.0,2.0,1.0,9.0,5.0,2.0,2.0,3.0,2.0,1.0,1.0,1.0
18,James Harden,active,54.63,81.8,56.11973393128746,82.37595225005892,53.43346722524141,26.598039215686274,0.88,72.84,2018,0.9,0.5938,0.5845217391304348,24.04,5.89,8.03,19.1,0.654,5.0,0.7,205.79,23,12.0,1.0,0.0,10.0,6.0,4.0,3.0,0.0,0.0,0.0,0.0,1.0
19,Dirk Nowitzki,historical,54.32,80.8,59.316693220197045,85.62880118596644,42.36821973313878,29.981205921103616,0.97,61.76,2005,1.0,0.6342727272727273,0.5511428571428572,21.79,7.83,2.48,9.6,0.469,-3.9,-0.4,220.76,21,51.0,1.0,1.0,14.0,4.0,8.0,1.0,0.0,1.0,0.0,1.0,1.0
20,Hakeem Olajuwon,historical,53.96,79.8,55.5702057798769,79.71209359422572,44.176734478298194,36.38483298457723,0.97,66.0,1993,1.0,0.6000000000000001,0.5706666666666667,20.99,10.46,2.33,14.4,0.478,-0.4,0.6,155.76,18,61.0,1.0,2.0,12.0,6.0,5.0,1.0,5.0,4.0,2.0,2.0,1.0
21,Chris Paul,historical,52.95,78.8,53.106406037579504,86.25481033534908,49.86495800965052,22.58056265984655,0.88,85.61,2008,1.0,0.511090909090909,0.5034761904761905,17.05,4.43,9.25,8.2,0.413,-4.1,-0.1,224.38,21,16.0,0.0,0.0,12.0,4.0,8.0,0.0,1.0,5.0,0.0,0.0,1.0
22,Moses Malone,historical,52.73,77.8,52.66152416753444,81.58734371640492,39.57037675144416,37.08265519646594,1.0,60.68,1981,1.08,0.5033636363636363,0.5016086956521739,17.17,10.38,1.12,12.1,0.499,-3.3,0.0,177.03,23,17.0,3.0,1.0,12.0,4.0,4.0,0.0,1.0,1.0,0.0,1.0,1.0
23,Bill Russell,historical,52.73,76.8,53.2901062246357,59.43205083473561,31.847014711476106,66.34313725490196,1.15,18.71,1957,1.08,0.7529090909090909,0.7609230769230769,14.08,19.98,3.71,15.2,0.467,0.0799999999999997,0.327,145.43,13,77.0,5.0,11.0,12.0,3.0,8.0,0.0,0.0,0.0,0.0,11.0,1.0
24,Clyde Drexler,historical,51.54,75.8,54.1655489828506,79.63842786488988,57.50479139098445,14.835852127412231,1.0,75.8,1990,1.0,0.5394615384615384,0.5330588235294117,20.26,5.9,5.28,19.8,0.531,3.4,3.3,139.57,17,70.0,0.0,1.0,10.0,2.0,4.0,1.0,0.0,2.0,0.0,1.0,1.0
25,Dwyane Wade,historical,51.08,74.7,55.670520461786715,84.71209979318829,42.586185302464386,21.363194605905605,0.88,64.56,2009,1.0,0.6247272727272727,0.5802777777777778,22.2,4.78,5.46,15.8,0.51,0.6,1.2,130.06,18,72.0,0.0,3.0,13.0,2.0,5.0,1.0,3.0,2.0,0.0,2.7,1.0
26,Russell Westbrook,active,50.19,73.7,66.08016957559362,75.12192727558313,39.59045624051227,19.980392156862745,0.88,66.27,2015,0.9,0.5394615384615384,0.54705,21.04,6.92,8.03,15.2,0.533,-0.4,0.7,118.55,20,61.0,1.0,0.0,9.0,2.0,5.0,5.0,0.0,0.0,0.0,0.0,1.0
27,Rick Barry,historical,50.12,72.7,50.471915568384134,82.16462708877025,43.78680959907145,24.07114624505929,1.0,59.43,1968,1.08,0.5,0.5,24.14,6.36,4.47,14.8,0.517,1.1,1.4,120.54,14,72.0,0.0,1.0,12.0,7.0,3.0,0.0,0.0,2.0,0.0,1.0,1.0
28,Jerry West,historical,49.84,71.7,40.07611590485658,81.17376650062506,46.597846703246844,31.51615903278308,1.15,37.42,1964,1.08,0.6097272727272727,0.5862142857142858,24.88,5.09,6.11,22.4,0.519,4.7,1.6,147.23,14,31.0,0.0,1.0,14.0,10.0,2.0,0.0,4.0,2.0,0.0,1.0,1.0
29,John Havlicek,historical,49.42,70.7,56.994154046043114,65.0073664274964,38.67628413729083,37.00523134154849,1.15,40.72,1970,1.08,0.5965454545454546,0.599875,19.64,5.79,4.45,14.3,0.495,-0.2,1.3,122.03,16,82.0,0.0,8.0,13.0,4.0,7.0,2.0,5.0,3.0,0.0,8.0,1.0
30,Artis Gilmore,historical,49.23,69.7,42.716412030515095,91.89550902328145,49.27676200830842,13.029411764705884,1.0,69.78,1973,1.08,0.5,0.5186315789473683,16.5,10.5,1.94,,,0.8500000000000001,0.7,181.04,19,,0.0,0.0,11.0,2.0,4.0,0.0,0.0,0.0,0.0,0.0,1.0
31,Shai Gilgeous-Alexander,active,48.86,68.7,30.958976734328395,84.83210947930574,71.8395250679105,7.817135549872123,0.88,96.35,2024,0.9,0.53375,0.497375,25.09,4.74,5.33,31.6,0.669,12.2,6.6,72.33,8,55.0,0.0,0.0,3.0,3.0,0.0,1.0,1.0,0.0,0.0,0.0,1.0
32,Kawhi Leonard,active,48.82,67.7,38.11204315081618,79.05994266865623,59.021143168375204,19.08091141594978,0.88,73.78,2016,0.9,0.6169,0.6366428571428572,20.79,6.37,3.13,28.4,0.63,8.5,4.4,112.19,14,51.0,0.0,2.0,6.0,2.0,4.0,1.0,5.0,4.0,2.0,2.0,1.0
33,Gary Payton,historical,48.45,66.7,59.835431959671084,73.09009975132146,40.46809014548779,20.425366193908395,0.97,71.96,1998,1.0,0.5,0.529578947368421,17.85,4.07,7.08,9.0,0.458,-3.2,-0.5,158.87,19,68.0,0.0,1.0,9.0,2.0,5.0,2.0,9.0,2.0,1.0,1.0,1.0
34,Bob Pettit,historical,48.24,65.7,41.86562865575697,70.62094583198684,42.60145762478981,37.872549019607845,1.15,51.01,1959,1.08,0.5,0.5,24.9,14.51,2.67,22.6,0.51,3.040000000000001,0.213,122.66,11,50.0,2.0,0.0,11.0,11.0,0.0,0.0,0.0,0.0,0.0,0.0,1.0
35,Luka Doncic,active,47.87,64.6,37.870666490744384,78.15856436032358,63.552595802317214,11.911764705882355,0.88,89.14,2022,0.9,0.5048,0.4829,28.5,8.38,8.05,27.9,0.616,9.1,5.4,70.38,10,54.0,0.0,0.0,5.0,4.0,2.0,0.0,0.0,0.0,0.0,0.0,1.0
36,Ray Allen,historical,46.65,63.6,57.443983541640726,76.43509965142279,44.46272773119778,8.262566844919785,0.97,63.5,2003,1.0,0.5535384615384615,0.57325,21.08,4.45,3.74,12.8,0.59,-0.4,0.8,164.96,20,73.0,0.0,2.0,10.0,0.0,0.0,1.0,0.0,0.0,0.0,1.85,1.0
37,Jimmy Butler,active,46.44,62.6,43.12733834273145,78.59194215452382,54.707186491187606,9.352941176470589,0.88,77.52,2021,0.9,0.5,0.5012631578947369,18.49,5.36,4.49,23.6,0.646,5.5,2.3,147.71,19,38.0,0.0,0.0,6.0,1.0,4.0,3.0,0.0,0.0,0.0,0.0,1.0
38,Damian Lillard,active,46.43,61.6,45.802545654569975,75.9832538960122,53.36113979038075,10.558823529411764,0.88,74.29,2019,0.9,0.5155454545454545,0.5131538461538462,25.71,4.35,6.91,21.3,0.621,4.0,3.2,120.11,13,58.0,0.0,0.0,7.0,2.0,3.0,2.0,0.0,0.0,0.0,0.0,1.0
39,Reggie Miller,historical,46.4,60.6,50.02867869705977,77.73331631479687,53.448772581154444,4.382352941176471,0.97,71.81,1994,1.0,0.5,0.5,18.61,2.97,2.93,16.6,0.582,1.8,2.0,173.56,18,66.0,0.0,0.0,5.0,0.0,1.0,4.0,0.0,0.0,0.0,0.0,1.0
40,Patrick Ewing,historical,45.58,59.6,52.034822433011584,77.36917363680402,37.136807393280435,15.763427109974424,0.97,69.11,1990,1.0,0.5,0.5,20.58,9.47,1.72,14.4,0.497,-3.1,-0.3,120.81,17,65.0,0.0,0.0,11.0,1.0,7.0,3.0,1.0,3.0,0.0,0.0,1.0
41,Joel Embiid,active,45.41,58.6,28.56967418258632,85.68224299065419,48.17375843856365,19.215686274509807,0.88,82.15,2022,0.9,0.5245,0.5196,26.91,10.29,3.7,24.9,0.606,4.6,1.7,67.97,10,33.0,1.0,0.0,7.0,4.0,2.0,2.0,0.0,0.0,0.0,0.0,1.0
42,Anthony Davis,active,45.19,57.6,37.58302004571074,80.31602921542448,46.64996523451515,16.224598930481285,0.88,76.56,2018,0.9,0.5132727272727272,0.509125,23.78,10.74,2.79,21.8,0.551,2.4,0.7,128.88,16,20.0,0.0,1.0,8.0,4.0,3.0,1.0,0.0,0.0,0.0,1.0,1.0
43,Kyrie Irving,active,44.54,56.6,42.93379046926927,76.22357164100511,47.74451307163518,11.254010695187166,0.88,71.05,2018,0.9,0.5388181818181818,0.532,24.74,4.33,5.71,19.9,0.594,3.4,2.5,100.18,16,50.0,0.0,1.0,7.0,1.0,4.0,2.0,0.0,0.0,0.0,1.0,1.0
44,Adrian Dantley,historical,44.07,55.6,34.8197650801816,87.825870688401,44.49783685723419,9.117647058823529,1.0,64.95,1982,1.08,0.5,0.509,21.98,5.27,2.68,,,0.8500000000000001,0.7,144.75,19,,0.0,0.0,6.0,2.0,2.0,2.0,0.0,0.0,0.0,0.0,1.0
45,Vince Carter,historical,44.01,54.5,62.238887159508366,73.39118801257969,36.17376092317639,4.235294117647059,0.97,68.47,2000,1.0,0.5,0.5103076923076924,18.09,4.5,3.2,7.5,0.47,-4.3,-0.5,148.29,26,60.0,0.0,0.0,8.0,0.0,0.0,1.0,0.0,0.0,0.0,0.0,1.0
46,Wes Unseld,historical,43.98,53.5,45.69091512634064,69.74464660691916,44.8706691687231,15.616755793226382,1.0,61.05,1970,1.08,0.5,0.5,10.21,12.98,3.61,13.5,0.543,1.7,1.9,103.28,13,63.0,1.0,1.0,5.0,1.0,4.0,0.0,0.0,0.0,0.0,1.0,1.0
47,Scottie Pippen,historical,43.7,52.5,39.092754084190815,75.39607854104649,34.837468115658574,25.46651941408975,0.97,49.71,1994,1.0,0.6930000000000001,0.645,15.82,6.05,5.04,12.4,0.448,-0.6,0.1,122.43,17,23.0,0.0,6.0,7.0,3.0,2.0,3.0,8.0,2.0,0.0,6.0,1.0
48,Carmelo Anthony,historical,43.68,51.5,59.89197594727388,67.08267631244316,37.55199775309656,10.176470588235295,0.88,58.87,2012,0.93,0.5112307692307693,0.508095238095238,23.86,6.58,2.8,14.8,0.579,-0.5,0.7,123.42,21,69.0,0.0,0.0,10.0,1.0,3.0,2.0,0.0,0.0,0.0,0.0,1.0
49,Allen Iverson,historical,43.29,50.5,40.98582435460674,71.39826422372226,39.80677746887398,20.980392156862745,0.97,60.16,2005,1.0,0.5,0.5,26.3,3.6,6.28,,,0.8500000000000001,0.7,115.9,20,,1.0,0.0,11.0,3.0,3.0,5.0,0.0,0.0,0.0,0.0,1.0
50,Pau Gasol,historical,43.21,49.5,44.36689446650853,77.02591252186147,41.648954554360316,9.802139037433156,0.88,57.25,2007,1.0,0.5985384615384615,0.5809545454545455,16.76,9.03,3.18,,,0.8500000000000001,0.7,163.33,22,,0.0,2.0,6.0,0.0,3.0,3.0,0.0,0.0,0.0,2.0,1.0
51,Elvin Hayes,historical,42.9,48.5,59.77891443337222,64.91796622433253,30.805440511421615,16.106951871657756,1.0,55.74,1975,1.08,0.5,0.5,20.17,11.74,1.73,10.3,0.45,-4.4,-0.6,113.64,16,81.0,0.0,1.0,12.0,3.0,3.0,0.0,0.0,0.0,0.0,1.0,1.0
52,Paul Pierce,historical,42.69,47.5,46.89774759182568,76.4500618012726,36.788547903032736,10.608300395256917,0.97,60.77,2001,1.0,0.5888181818181818,0.5572105263157895,20.64,5.82,3.6,5.7,0.535,-4.7,-0.2,160.96,19,25.0,0.0,1.0,10.0,0.0,3.0,5.0,0.0,1.0,0.0,0.85,1.0
53,Manu Ginobili,historical,42.33,46.5,41.62553360703014,83.08653665916258,34.93818578395139,9.663101604278076,0.88,56.42,2007,1.0,0.6783,0.684625,14.22,3.71,4.02,12.9,0.553,-1.3,0.2,113.89,16,65.0,0.0,4.0,2.0,0.0,2.0,1.0,0.0,0.0,0.0,4.0,1.0
54,Sidney Moncrief,historical,41.44,45.5,37.505772439391805,80.22806648015418,38.81590685144319,9.205882352941178,1.0,66.69,1982,1.08,0.5,0.5,14.86,4.28,3.42,11.2,0.589,-0.7,0.4,86.26,11,72.0,0.0,0.0,5.0,1.0,3.0,0.0,0.0,0.0,2.0,0.0,1.0
55,Dolph Schayes,historical,41.36,44.4,38.406733827887194,64.69422000146771,37.765083219761586,24.577540106951872,1.15,51.01,1953,1.08,0.5,0.5,18.14,11.19,2.87,11.5,0.399,-1.4,-0.003,137.48,15,24.0,0.0,1.0,12.0,6.0,6.0,0.0,0.0,0.0,0.0,1.0,1.0
56,Dominique Wilkins,historical,41.32,43.4,41.47125182809537,73.15001165166541,38.86392951787134,11.794117647058826,1.0,69.71,1990,1.0,0.5,0.5,23.82,6.17,2.29,15.4,0.445,-2.4,0.0,118.69,17,27.0,0.0,0.0,9.0,1.0,5.0,3.0,0.0,0.0,0.0,0.0,1.0
57,Tracy McGrady,historical,41.02,42.4,32.9461313839536,80.47252545878165,40.098302302725095,10.558823529411764,0.97,62.71,2002,1.0,0.5,0.5,18.71,5.4,4.39,,,0.8500000000000001,0.7,104.74,17,,0.0,0.0,7.0,2.0,3.0,2.0,0.0,0.0,0.0,0.0,1.0
58,Elgin Baylor,historical,40.87,41.4,35.26026523175303,68.82136992685844,34.12259995813244,25.264705882352946,1.15,48.81,1964,1.08,0.5177272727272727,0.5618571428571428,23.35,11.25,3.53,13.6,0.487,-0.5600000000000002,0.015,92.54,14,9.0,0.0,0.0,11.0,10.0,1.0,0.0,0.0,0.0,0.0,0.0,1.0
59,Chet Walker,historical,40.62,40.4,44.64306091422518,71.09457637505744,46.72596386308746,0.0,1.15,43.56,1971,1.08,0.5787272727272726,0.5666153846153846,17.23,6.48,1.9,19.5,0.568,2.5,2.8,108.86,13,76.0,0.0,0.0,0.0,0.0,0.0,0.0,0.0,0.0,0.0,0.0,1.0
60,Jack Sikma,historical,40.48,39.4,49.94020104649205,71.75199745594576,40.239600180915815,0.0,1.0,62.8,1983,1.08,0.5,0.5,15.17,9.17,2.97,13.7,0.516,-0.5,0.8,105.91,14,77.0,0.0,0.0,0.0,0.0,0.0,0.0,0.0,0.0,0.0,0.0,1.0
61,Alex English,historical,40.4,38.4,35.81768067945369,77.82959239770675,39.72049179188885,8.235294117647058,1.0,61.52,1982,1.08,0.5,0.5,20.13,5.39,3.3,,,0.8500000000000001,0.7,99.9,17,,0.0,0.0,8.0,0.0,4.0,2.0,0.0,0.0,0.0,0.0,1.0
62,Dave Cowens,historical,39.89,37.4,36.0261869188634,64.91961702713873,35.65992618585329,22.952607920638613,1.0,56.73,1975,1.08,0.5244444444444444,0.52,16.53,12.45,3.54,12.6,0.485,-0.4,0.4,81.39,11,40.0,1.0,2.0,8.0,3.0,4.0,0.0,1.0,0.0,0.0,2.0,1.0
63,Paul Arizin,historical,39.83,36.4,40.6501051407854,63.040108637295894,37.68882255106088,17.93048128342246,1.15,50.81,1952,1.08,0.501625,0.5013,23.02,8.25,2.21,15.0,0.486,0.0,0.189,104.06,10,78.0,0.0,1.0,10.0,3.0,6.0,0.0,0.0,0.0,0.0,1.0,1.0
64,Bob Cousy,historical,39.55,35.4,30.71141610139187,59.97036859174494,24.66546053164034,42.85739750445633,1.15,26.28,1957,1.08,0.6885454545454546,0.6481428571428571,17.82,4.77,6.76,8.6,0.579,-2.5600000000000005,0.003,86.87,14,7.0,1.0,6.0,13.0,10.0,2.0,0.0,0.0,0.0,0.0,6.0,1.0
65,Donovan Mitchell,active,39.4,34.3,33.64562866797861,68.37104621226459,51.24038757135351,4.352941176470589,0.88,75.6,2022,0.9,0.5,0.5,25.05,4.34,4.85,23.2,0.612,5.4,3.7,58.42,9,58.0,0.0,0.0,4.0,0.0,2.0,2.0,0.0,0.0,0.0,0.0,1.0
66,Connie Hawkins,historical,39.27,33.3,40.28661504927186,77.37606941045146,39.43570292297706,0.0,1.0,53.44,1968,1.08,0.5,0.5,16.73,7.83,3.9,14.3,0.497,1.3,1.6,78.4,11,74.0,0.0,0.0,0.0,0.0,0.0,0.0,0.0,0.0,0.0,0.0,1.0
67,Dave DeBusschere,historical,39.09,32.3,45.956431132497954,57.091533423542536,42.74679958761939,10.566844919786096,1.15,51.71,1965,1.08,0.5,0.5,14.75,9.97,2.5,16.3,0.49,1.7,2.5,61.0,14,71.0,0.0,2.0,8.0,0.0,2.0,6.0,0.0,0.0,0.0,2.0,1.0
68,Grant Hill,historical,39.06,31.3,40.193224214203774,77.69932239616988,33.19049737188577,5.147058823529411,0.97,70.17,1997,1.0,0.5,0.5,17.14,6.16,4.23,4.8,0.428,-5.6,-0.4,103.95,18,29.0,0.0,0.0,7.0,0.0,1.0,3.0,0.0,0.0,0.0,0.0,1.0
69,Dikembe Mutombo,historical,38.96,30.3,36.79059094863224,69.46208061216758,35.894867669924324,13.703324808184144,0.97,61.49,1998,1.0,0.5,0.5,9.57,10.26,0.95,10.8,0.472,-3.0,0.0,128.07,20,9.0,0.0,0.0,8.0,0.0,3.0,3.0,2.0,6.0,4.0,0.0,1.0
70,Bernard King,historical,38.89,29.3,34.41371166486324,80.52000790510782,33.667456879610754,6.941176470588236,1.0,59.82,1983,1.08,0.5,0.5,20.74,5.17,2.93,15.7,0.552,-1.0,0.1,71.07,14,32.0,0.0,0.0,4.0,2.0,1.0,1.0,0.0,0.0,0.0,0.0,1.0
71,Tony Parker,historical,38.59,28.3,47.18163070857628,68.4362321780422,26.36671300646821,12.368983957219251,0.88,33.65,2007,1.0,0.6764545454545454,0.6695555555555556,16.59,2.83,5.94,15.3,0.512,-2.6,-0.1,118.8,18,56.0,0.0,4.0,6.0,0.0,2.0,4.0,0.0,0.0,0.0,4.0,1.0
72,Fat Lever,historical,38.24,27.3,42.04414459136516,71.47186669979773,39.42979726485156,0.0,1.0,65.2,1987,1.08,0.5,0.5,12.8,5.44,5.48,13.2,0.462,0.5,1.3,57.41,11,81.0,0.0,0.0,0.0,0.0,0.0,0.0,0.0,0.0,0.0,0.0,1.0
73,Walt Frazier,historical,38.22,26.3,27.375570225071346,73.26614553895712,32.99767528199327,19.245873052778425,1.0,54.11,1970,1.08,0.5,0.5,16.41,4.86,5.21,13.6,0.421,-3.3,0.0,106.88,13,3.0,0.0,2.0,7.0,4.0,2.0,1.0,6.0,1.0,0.0,2.0,1.0
74,Bailey Howell,historical,37.24,25.3,45.69647425706428,67.3311005480789,35.93881266016207,0.0,1.15,44.41,1962,1.08,0.5532727272727272,0.5488333333333334,17.26,8.82,1.73,17.0,0.532,0.8,0.15,102.0,12,82.0,0.0,0.0,0.0,0.0,0.0,0.0,0.0,0.0,0.0,0.0,1.0
75,Dennis Rodman,historical,36.5,24.2,28.457789026791836,68.52146764635071,30.803423394506652,18.207393629388516,0.97,55.49,1988,1.08,0.5098,0.5705,6.62,12.95,1.7,8.4,0.457,-3.2,-0.1,85.21,14,12.0,0.0,5.0,2.0,0.0,4.0,0.0,7.0,1.0,2.0,5.0,1.0
76,Devin Booker,active,36.36,23.2,36.02478465950925,65.61962000979341,38.51210919915353,5.294117647058823,0.88,62.48,2022,0.9,0.5,0.5,24.65,4.07,5.33,20.1,0.579,1.9,1.6,55.82,11,50.0,0.0,0.0,4.0,1.0,1.0,2.0,0.0,0.0,0.0,0.0,1.0
77,Bam Adebayo,active,35.99,22.2,33.476899007992536,67.2204476857389,40.35571121813547,2.9117647058823533,0.88,62.6,2020,0.9,0.5,0.5,16.14,8.93,3.52,18.5,0.551,2.0,1.9,62.34,9,59.0,0.0,0.0,3.0,0.0,1.0,2.0,0.0,0.0,0.0,0.0,1.0
78,Willis Reed,historical,35.94,21.2,20.81423796017496,67.33175098137923,37.369607785428684,18.25311942959002,1.15,51.81,1968,1.08,0.5,0.5,16.6,11.15,1.68,,,0.8500000000000001,0.7,68.96,10,,1.0,2.0,7.0,1.0,4.0,0.0,0.0,0.0,0.0,2.0,1.0
79,Zion Williamson,active,35.6,20.2,22.469528503198553,75.2975430864854,42.44184772455645,2.1764705882352944,0.88,75.52,2020,0.9,0.5,0.5,23.63,6.47,3.97,23.2,0.632,2.9,1.9,28.81,6,50.0,0.0,0.0,2.0,0.0,1.0,1.0,0.0,0.0,0.0,0.0,1.0
80,Draymond Green,active,35.23,19.2,40.12003314221708,61.82225105455082,27.781546169613904,11.192513368983958,0.88,46.21,2015,0.9,0.635090909090909,0.6200714285714285,8.72,6.89,5.78,10.3,0.539,-1.5,0.2,67.06,14,54.0,0.0,4.0,4.0,0.0,1.0,3.0,0.0,0.0,1.0,4.0,1.0
81,Victor Wembanyama,active,35.17,18.2,18.773709557077474,73.68932926318989,45.35021477303907,2.875959079283888,0.88,50.0,2024,0.9,0.5,0.5,22.73,10.77,3.41,28.2,0.625,9.3,4.3,14.58,3,51.0,0.0,0.0,1.0,0.0,1.0,0.0,1.0,0.0,1.0,0.0,1.0
82,Mark Aguirre,historical,35.1,17.2,37.3820507753523,72.08909622988158,30.934339534365456,0.0,1.0,55.62,1983,1.08,0.5,0.5,18.67,4.53,2.93,13.1,0.544,-1.8,0.0,68.26,15,39.0,0.0,0.0,0.0,0.0,0.0,0.0,0.0,0.0,0.0,0.0,1.0
83,David Thompson,historical,35.08,16.2,21.56086157497198,75.57384696792766,35.54956973928908,7.647058823529412,1.0,55.71,1976,1.08,0.5,0.5,20.8,3.7,2.82,20.0,0.609,1.6,0.4,59.26,9,19.0,0.0,0.0,4.0,2.0,2.0,0.0,0.0,0.0,0.0,0.0,1.0
84,James Worthy,historical,34.97,15.2,40.69083156205832,74.4658077050339,24.733627867660662,0.0,1.0,37.9,1986,1.08,0.6613333333333333,0.6759166666666667,17.2,4.8,2.87,12.8,0.452,-2.9,-0.4,76.32,12,80.0,0.0,0.0,0.0,0.0,0.0,0.0,0.0,0.0,0.0,0.0,1.0
85,Calvin Murphy,historical,34.78,14.1,40.27482164811066,67.23509648995189,31.622654699470836,0.0,1.0,52.09,1974,1.08,0.5,0.5,17.13,1.94,4.07,14.8,0.498,-1.7,0.1,79.15,13,64.0,0.0,0.0,0.0,0.0,0.0,0.0,0.0,0.0,0.0,0.0,1.0
86,Jayson Tatum,active,34.62,13.1,20.429763327586933,68.6736650689079,38.37029933980848,10.989304812834225,0.88,72.18,2023,0.9,0.5,0.5,23.05,7.24,3.82,18.9,0.499,1.3,0.1,65.35,9,3.0,0.0,1.0,6.0,2.0,2.0,3.0,0.0,0.0,0.0,1.0,1.0
87,Jaylen Brown,active,34.4,12.1,33.47852071843978,58.994312785632104,41.30489420933305,3.812834224598931,0.88,59.43,2021,0.9,0.5,0.5,20.09,5.55,2.92,22.3,0.57,3.6,2.8,45.92,10,59.0,0.0,1.0,2.0,0.0,1.0,1.0,0.0,0.0,0.0,1.0,1.0
88,De'Aaron Fox,active,33.21,11.1,35.96772627955183,58.82643192101415,37.32005363622494,0.7352941176470589,0.88,57.62,2023,0.9,0.4842857142857143,0.49,21.26,4.0,6.19,18.0,0.586,2.4,2.0,43.21,11,57.0,0.0,0.0,1.0,0.0,0.0,1.0,0.0,0.0,0.0,0.0,1.0
89,Spencer Haywood,historical,32.41,10.1,38.182154864678346,67.15789924978723,24.281417913026736,0.0,1.0,43.89,1970,1.08,0.5210909090909092,0.5154666666666666,19.0,9.1,1.67,10.0,0.447,-4.6,-0.5,78.17,15,38.0,0.0,0.0,0.0,0.0,0.0,0.0,0.0,0.0,0.0,0.0,1.0
90,Evan Mobley,active,32.4,9.1,22.345052827605365,65.30416951520917,40.19906301065846,1.7352941176470589,0.88,65.37,2024,0.9,0.5,0.5,16.32,8.84,3.05,19.0,0.582,2.9,2.0,32.79,5,51.0,0.0,0.0,1.0,0.0,0.0,1.0,0.0,0.0,1.0,0.0,1.0
91,Klay Thompson,active,32.4,8.1,35.7086315303753,60.23031104582171,22.253803844695685,11.398395721925134,0.88,28.97,2015,0.9,0.6910000000000001,0.6416153846153846,19.01,3.5,2.3,11.5,0.542,-1.3,0.2,59.4,13,58.0,0.0,4.0,5.0,0.0,2.0,2.0,0.0,0.0,0.0,4.0,1.0
92,Scottie Barnes,active,31.77,7.1,26.2378290638705,57.930720120130175,42.92427987493663,0.0,0.88,67.85,2024,0.9,0.5,0.5,17.38,7.52,5.04,18.9,0.574,3.4,2.9,25.06,5,63.0,0.0,0.0,0.0,0.0,0.0,0.0,0.0,0.0,0.0,0.0,1.0
93,Pete Maravich,historical,31.67,6.1,29.291609644485114,62.36395476836361,25.938489690854084,9.088235294117647,1.0,44.12,1974,1.08,0.52,0.5183333333333333,21.34,3.43,4.48,15.6,0.547,-1.7,0.0,44.4,12,26.0,0.0,0.0,5.0,2.0,3.0,0.0,0.0,0.0,0.0,0.0,1.0
94,Ja Morant,active,28.96,5.1,17.921888507978572,65.78802294627059,28.30539613709376,3.823529411764706,0.88,57.61,2022,0.9,0.5,0.5,22.22,4.57,7.47,16.7,0.521,-1.5,0.1,24.26,7,20.0,0.0,0.0,2.0,1.0,1.0,0.0,0.0,0.0,0.0,0.0,1.0
95,Paolo Banchero,active,27.71,4.0,22.135400529260167,55.81231538118541,32.15435960070889,0.7352941176470589,0.88,50.0,2024,0.9,0.5,0.5,22.2,7.4,4.67,17.9,0.566,1.4,1.7,15.03,4,55.0,0.0,0.0,1.0,0.0,0.0,1.0,0.0,0.0,0.0,0.0,1.0
96,Bob Love,historical,27.44,3.0,31.791413087397746,53.93102690440356,24.051247214139696,0.0,1.0,44.72,1970,1.08,0.5,0.5,13.42,4.71,1.07,9.1,0.462,-3.3,-0.1,49.22,16,32.0,0.0,0.0,0.0,0.0,0.0,0.0,0.0,0.0,0.0,0.0,1.0
97,Jerry Sloan,historical,25.87,2.0,25.12927175284687,50.36174133817767,27.996689804212963,0.0,1.0,50.96,1967,1.08,0.5,0.5,12.92,6.72,2.28,11.2,0.456,-2.1,0.0,46.52,11,22.0,0.0,0.0,0.0,0.0,0.0,0.0,0.0,0.0,0.0,0.0,1.0
98,Bobby Jones,historical,16.76,1.0,6.663567845582413,43.65571979945307,16.71787255914613,0.0,0.97,25.19,2007,1.0,0.5305,0.5261428571428571,3.69,1.94,0.58,3.4,0.25,-2.0,0.0,1.93,7,3.0,0.0,0.0,0.0,0.0,0.0,0.0,0.0,0.0,0.0,0.0,1.0
99,Dennis Johnson,historical,4.0,0.0,1.9981995329198838,0.0,2.31103652273489,11.703208556149733,0.97,0.0,1999,1.0,0.5,0.5,1.35,1.51,0.0,0.5,0.333,-10.3,-0.1,-0.11,1,5.0,0.0,3.0,5.0,0.0,3.0,2.0,0.0,0.0,1.0,3.0,1.0
