player_name,slug,player_status,career_g,career_pts,career_trb,career_ast,career_stl,career_blk,career_tov,career_mp,career_fg_pct,career_fg3_pct,career_ft_pct,career_per,career_ts_pct,career_efg_pct,career_ws,career_ws_per48,career_bpm,career_vorp,career_obpm,career_dbpm,career_ppg,career_rpg,career_apg,career_spg,career_bpg,career_topg,career_mpg,mvp,dpoy,finals_mvp,all_nba_1st,all_nba_2nd,all_nba_3rd,championships,allstar,honors_index,is_benchmark,career_bpm_imputed,career_vorp_imputed
Michael Jordan,jordami01,historical,82.0,1640.0,497.0,311.0,123.0,39.0,173.0,3031.0,0.445,0.291,0.821,19.3,0.491,,6.2,0.099,1.7,2.8,1.8,0.0,20.0,6.060975609756097,3.792682926829268,1.5,0.47560975609756095,2.1097560975609757,36.96341463414634,5.0,1.0,6.0,10.0,1.0,0.0,6.0,14.0,91.0,False,False,False
LeBron James,jamesle01,active,45.0,961.0,255.0,315.0,50.0,29.0,138.0,1490.0,0.505,0.31,0.743,20.5,0.586,,3.6,0.118,3.0,1.9,3.2,-0.2,21.355555555555554,5.666666666666667,7.0,1.1111111111111112,0.6444444444444445,3.066666666666667,33.111111111111114,4.0,0.0,4.0,13.0,3.0,3.0,4.0,20.0,84.5,True,False,False
Kareem Abdul-Jabbar,abdulka01,historical,74.0,748.0,334.0,74.0,38.0,85.0,95.0,1695.0,0.475,0.0,0.739,12.9,0.511,,2.9,0.082,-2.1,0.0,-1.9,-0.2,10.108108108108109,4.513513513513513,1.0,0.5135135135135135,1.1486486486486487,1.2837837837837838,22.905405405405407,6.0,0.0,2.0,10.0,5.0,0.0,6.0,19.0,88.5,False,False,False
Bill Russell,russebi01,historical,77.0,762.0,1484.0,374.0,,,,3291.0,0.433,,0.526,15.2,0.467,,10.9,0.159,0.07999999999999972,0.327,0.0559999999999998,0.023999999999999917,9.896103896103897,19.272727272727273,4.857142857142857,,,,42.74025974025974,5.0,0.0,0.0,3.0,8.0,0.0,11.0,12.0,78.0,False,True,True
Wilt Chamberlain,chambwi01,historical,,,,,,,,,,,,,,,,,0.8500000000000001,0.7,0.595,0.255,,,,,,,,4.0,0.0,1.0,7.0,3.0,0.0,2.0,13.0,52.5,False,True,True
Magic Johnson,johnsma02,historical,32.0,468.0,183.0,220.0,26.0,13.0,103.0,958.0,0.466,0.379,0.856,21.1,0.612,,3.6,0.181,5.2,1.8,4.7,0.5,14.625,5.71875,6.875,0.8125,0.40625,3.21875,29.9375,3.0,0.0,3.0,10.0,2.0,0.0,5.0,12.0,67.0,False,False,False
Larry Bird,birdla01,historical,45.0,908.0,434.0,306.0,42.0,33.0,125.0,1662.0,0.466,0.406,0.926,21.0,0.547,,5.5,0.159,5.5,3.1,4.3,1.3,20.177777777777777,9.644444444444444,6.8,0.9333333333333333,0.7333333333333333,2.7777777777777777,36.93333333333333,3.0,0.0,2.0,9.0,1.0,0.0,3.0,12.0,55.0,False,False,False
Shaquille O'Neal,onealsh01,historical,37.0,341.0,178.0,26.0,16.0,42.0,56.0,752.0,0.667,,0.557,17.4,0.659,,2.7,0.174,0.3,0.4,-1.7,2.0,9.216216216216216,4.8108108108108105,0.7027027027027027,0.43243243243243246,1.135135135135135,1.5135135135135136,20.324324324324323,1.0,0.0,3.0,8.0,6.0,0.0,4.0,15.0,55.5,False,False,False
Tim Duncan,duncati01,historical,61.0,522.0,447.0,163.0,47.0,78.0,90.0,1536.0,0.488,0.0,0.702,16.9,0.523,,5.2,0.163,3.0,2.0,-0.1,3.1,8.557377049180328,7.327868852459017,2.6721311475409837,0.7704918032786885,1.278688524590164,1.4754098360655739,25.18032786885246,2.0,0.0,3.0,10.0,3.0,2.0,5.0,15.0,65.5,False,False,False
Kobe Bryant,bryanko01,historical,66.0,1161.0,247.0,184.0,62.0,13.0,129.0,1863.0,0.358,0.285,0.826,14.9,0.469,,-0.4,-0.01,-1.6,0.2,0.9,-2.4,17.59090909090909,3.742424242424242,2.787878787878788,0.9393939393939394,0.19696969696969696,1.9545454545454546,28.227272727272727,1.0,0.0,2.0,11.0,2.0,2.0,5.0,18.0,60.0,False,False,False
Jerry West,westje01,historical,31.0,629.0,116.0,206.0,81.0,23.0,,967.0,0.447,,0.833,22.4,0.519,,3.2,0.159,4.7,1.6,3.3,1.4,20.29032258064516,3.7419354838709675,6.645161290322581,2.6129032258064515,0.7419354838709677,,31.193548387096776,0.0,0.0,1.0,10.0,2.0,0.0,1.0,14.0,35.0,False,False,False
Hakeem Olajuwon,olajuha01,historical,61.0,435.0,366.0,66.0,74.0,90.0,98.0,1378.0,0.464,0.0,0.56,14.4,0.478,,2.1,0.074,-0.4,0.6,-2.7,2.4,7.131147540983607,6.0,1.0819672131147542,1.2131147540983607,1.4754098360655739,1.6065573770491803,22.59016393442623,1.0,2.0,2.0,6.0,5.0,1.0,2.0,12.0,44.5,False,False,False
Charles Barkley,barklch01,historical,20.0,289.0,209.0,63.0,14.0,4.0,44.0,620.0,0.477,0.231,0.645,19.8,0.534,,1.9,0.148,2.0,0.6,2.6,-0.6,14.45,10.45,3.15,0.7,0.2,2.2,31.0,1.0,0.0,0.0,5.0,5.0,1.0,0.0,11.0,26.0,False,False,False
Karl Malone,malonka01,historical,42.0,554.0,367.0,163.0,50.0,20.0,103.0,1373.0,0.483,0.0,0.747,17.8,0.555,,4.3,0.151,2.8,1.7,1.1,1.7,13.19047619047619,8.738095238095237,3.880952380952381,1.1904761904761905,0.47619047619047616,2.4523809523809526,32.69047619047619,2.0,0.0,0.0,11.0,3.0,0.0,0.0,14.0,42.0,False,False,False
John Stockton,stockjo01,historical,82.0,884.0,201.0,629.0,137.0,16.0,182.0,2275.0,0.483,0.363,0.826,21.0,0.577,,9.0,0.19,5.0,4.0,3.9,1.1,10.78048780487805,2.451219512195122,7.670731707317073,1.670731707317073,0.1951219512195122,2.2195121951219514,27.74390243902439,0.0,0.0,0.0,6.0,5.0,0.0,0.0,10.0,22.0,False,False,False
Dirk Nowitzki,nowitdi01,historical,51.0,373.0,158.0,35.0,9.0,18.0,18.0,795.0,0.359,0.312,0.78,9.6,0.469,,0.3,0.016,-3.9,-0.4,-2.7,-1.2,7.313725490196078,3.0980392156862746,0.6862745098039216,0.17647058823529413,0.35294117647058826,0.35294117647058826,15.588235294117647,1.0,0.0,1.0,4.0,8.0,1.0,1.0,14.0,34.5,False,False,False
Kevin Durant,duranke01,active,62.0,1603.0,341.0,277.0,52.0,57.0,198.0,2258.0,0.514,0.405,0.887,20.9,0.635,,8.2,0.174,4.1,3.5,4.0,0.1,25.85483870967742,5.5,4.467741935483871,0.8387096774193549,0.9193548387096774,3.193548387096774,36.41935483870968,1.0,0.0,2.0,6.0,5.0,2.0,2.0,14.0,42.0,False,False,False
Stephen Curry,curryst01,active,39.0,1061.0,138.0,189.0,44.0,16.0,111.0,1222.0,0.468,0.391,0.931,22.7,0.636,,3.9,0.155,5.3,2.3,6.3,-1.0,27.205128205128204,3.5384615384615383,4.846153846153846,1.1282051282051282,0.41025641025641024,2.8461538461538463,31.333333333333332,2.0,0.0,1.0,5.0,4.0,1.0,4.0,10.0,44.5,True,False,False
Chris Paul,paulch01,historical,16.0,47.0,28.0,53.0,11.0,0.0,16.0,228.0,0.321,0.333,0.5,8.2,0.413,,0.1,0.016,-4.1,-0.1,-3.9,-0.3,2.9375,1.75,3.3125,0.6875,0.0,1.0,14.25,0.0,0.0,0.0,4.0,8.0,0.0,0.0,12.0,22.0,False,False,False
Dwyane Wade,wadedw01,historical,72.0,1083.0,285.0,301.0,59.0,38.0,166.0,1885.0,0.433,0.33,0.708,15.8,0.51,,2.4,0.061,0.6,1.2,0.8,-0.2,15.041666666666666,3.9583333333333335,4.180555555555555,0.8194444444444444,0.5277777777777778,2.3055555555555554,26.180555555555557,0.0,0.0,1.0,2.0,5.0,1.0,3.0,13.0,28.0,False,False,False
Carmelo Anthony,anthoca01,historical,69.0,919.0,288.0,68.0,47.0,52.0,59.0,1793.0,0.441,0.375,0.83,14.8,0.579,,3.6,0.097,-0.5,0.7,0.4,-0.8,13.318840579710145,4.173913043478261,0.9855072463768116,0.6811594202898551,0.7536231884057971,0.855072463768116,25.985507246376812,0.0,0.0,0.0,1.0,3.0,2.0,0.0,10.0,11.0,False,False,False
Kevin Garnett,garneke01,historical,38.0,122.0,150.0,62.0,28.0,10.0,16.0,556.0,0.47,0.0,0.667,12.3,0.491,,1.1,0.092,1.5,0.5,-1.6,3.1,3.210526315789474,3.9473684210526314,1.631578947368421,0.7368421052631579,0.2631578947368421,0.42105263157894735,14.631578947368421,1.0,1.0,0.0,4.0,4.0,1.0,1.0,15.0,30.0,False,False,False
Allen Iverson,iversal01,historical,,,,,,,,,,,,,,,,,0.8500000000000001,0.7,0.595,0.255,,,,,,,,1.0,0.0,0.0,3.0,3.0,5.0,0.0,11.0,22.0,False,True,True
Scottie Pippen,pippesc01,historical,23.0,136.0,68.0,50.0,21.0,9.0,29.0,412.0,0.379,0.271,0.63,12.4,0.448,,0.3,0.037,-0.6,0.1,-1.4,0.8,5.913043478260869,2.9565217391304346,2.1739130434782608,0.9130434782608695,0.391304347826087,1.2608695652173914,17.91304347826087,0.0,0.0,0.0,3.0,2.0,3.0,6.0,7.0,31.0,False,False,False
Reggie Miller,millere01,historical,66.0,974.0,156.0,146.0,50.0,5.0,77.0,2105.0,0.437,0.322,0.933,16.6,0.582,,6.6,0.151,1.8,2.0,2.2,-0.3,14.757575757575758,2.3636363636363638,2.212121212121212,0.7575757575757576,0.07575757575757576,1.1666666666666667,31.893939393939394,0.0,0.0,0.0,0.0,1.0,4.0,0.0,5.0,5.5,False,False,False
Gary Payton,paytoga01,historical,68.0,358.0,132.0,201.0,43.0,3.0,66.0,1503.0,0.393,0.26,0.667,9.0,0.458,,1.3,0.042,-3.2,-0.5,-3.1,-0.1,5.264705882352941,1.9411764705882353,2.9558823529411766,0.6323529411764706,0.04411764705882353,0.9705882352941176,22.102941176470587,0.0,1.0,0.0,2.0,5.0,2.0,1.0,9.0,19.5,False,False,False
Patrick Ewing,ewingpa01,historical,65.0,390.0,263.0,35.0,22.0,45.0,65.0,901.0,0.444,0.0,0.701,14.4,0.497,,1.4,0.073,-3.1,-0.3,-3.1,0.0,6.0,4.046153846153846,0.5384615384615384,0.3384615384615385,0.6923076923076923,1.0,13.861538461538462,0.0,0.0,0.0,1.0,7.0,3.0,0.0,11.0,16.0,False,False,False
Clyde Drexler,drexlcl01,historical,70.0,1287.0,346.0,382.0,126.0,42.0,189.0,2473.0,0.427,0.317,0.801,19.8,0.531,,6.8,0.133,3.4,3.3,3.2,0.1,18.385714285714286,4.942857142857143,5.457142857142857,1.8,0.6,2.7,35.32857142857143,0.0,0.0,0.0,2.0,4.0,1.0,1.0,10.0,16.5,False,False,False
Elgin Baylor,bayloel01,historical,9.0,106.0,57.0,18.0,,,,239.0,0.433,,0.815,13.6,0.487,,0.5,0.097,-0.5600000000000002,0.015,-0.39200000000000007,-0.16800000000000004,11.777777777777779,6.333333333333333,2.0,,,,26.555555555555557,0.0,0.0,0.0,10.0,1.0,0.0,0.0,11.0,26.5,False,True,True
Walt Frazier,fraziwa01,historical,3.0,10.0,3.0,8.0,2.0,1.0,4.0,27.0,0.364,0.0,1.0,13.6,0.421,,0.0,-0.012,-3.3,0.0,-3.5,0.2,3.3333333333333335,1.0,2.6666666666666665,0.6666666666666666,0.3333333333333333,1.3333333333333333,9.0,0.0,0.0,0.0,4.0,2.0,1.0,2.0,7.0,20.0,False,False,False
Willis Reed,reedwi01,historical,,,,,,,,,,,,,,,,,0.8500000000000001,0.7,0.595,0.255,,,,,,,,1.0,0.0,2.0,1.0,4.0,0.0,2.0,7.0,26.5,False,True,True
Bob Pettit,pettibo01,historical,50.0,1124.0,621.0,128.0,,,,1754.0,0.429,,0.82,22.6,0.51,,7.1,0.193,3.040000000000001,0.213,2.1280000000000006,0.9120000000000003,22.48,12.42,2.56,,,,35.08,2.0,0.0,0.0,11.0,0.0,0.0,0.0,11.0,37.5,False,True,True
Pete Maravich,maravpe01,historical,26.0,299.0,38.0,29.0,9.0,2.0,37.0,442.0,0.494,0.75,0.909,15.6,0.547,,1.0,0.11,-1.7,0.0,-0.3,-1.4,11.5,1.4615384615384615,1.1153846153846154,0.34615384615384615,0.07692307692307693,1.4230769230769231,17.0,0.0,0.0,0.0,2.0,3.0,0.0,0.0,5.0,9.5,False,False,False
Rick Barry,barryri01,historical,72.0,866.0,236.0,268.0,80.0,28.0,152.0,1816.0,0.422,0.33,0.935,14.8,0.517,,3.4,0.09,1.1,1.4,1.1,0.0,12.027777777777779,3.2777777777777777,3.7222222222222223,1.1111111111111112,0.3888888888888889,2.111111111111111,25.22222222222222,0.0,0.0,1.0,7.0,3.0,0.0,1.0,12.0,29.0,False,False,False
Bob Cousy,cousybo01,historical,7.0,5.0,5.0,10.0,,,,34.0,0.333,,1.0,8.6,0.579,,0.1,0.101,-2.5600000000000005,0.003,-1.7920000000000003,-0.7680000000000001,0.7142857142857143,0.7142857142857143,1.4285714285714286,,,,4.857142857142857,1.0,0.0,0.0,10.0,2.0,0.0,6.0,13.0,51.5,False,True,True
John Havlicek,havlijo01,historical,82.0,1322.0,332.0,328.0,90.0,22.0,204.0,2797.0,0.449,,0.855,14.3,0.495,,5.1,0.087,-0.2,1.3,0.2,-0.4,16.121951219512194,4.048780487804878,4.0,1.0975609756097562,0.2682926829268293,2.4878048780487805,34.109756097560975,0.0,0.0,1.0,4.0,7.0,2.0,8.0,13.0,49.5,False,False,False
Elvin Hayes,hayesel01,historical,81.0,402.0,260.0,71.0,16.0,28.0,82.0,994.0,0.406,0.0,0.652,10.3,0.45,,0.2,0.01,-4.4,-0.6,-3.3,-1.0,4.962962962962963,3.2098765432098766,0.8765432098765432,0.19753086419753085,0.345679012345679,1.0123456790123457,12.271604938271604,0.0,0.0,0.0,3.0,3.0,0.0,1.0,12.0,18.0,False,False,False
Wes Unseld,unselwe01,historical,63.0,507.0,673.0,170.0,52.0,36.0,97.0,2032.0,0.524,0.5,0.64,13.5,0.543,,5.5,0.13,1.7,1.9,0.0,1.8,8.047619047619047,10.682539682539682,2.6984126984126986,0.8253968253968254,0.5714285714285714,1.5396825396825398,32.25396825396825,1.0,0.0,1.0,1.0,4.0,0.0,1.0,5.0,19.5,False,False,False
Dave Cowens,cowenda01,historical,40.0,324.0,274.0,82.0,30.0,15.0,44.0,1014.0,0.444,0.0,0.825,12.6,0.485,,2.6,0.123,-0.4,0.4,-1.2,0.8,8.1,6.85,2.05,0.75,0.375,1.1,25.35,1.0,0.0,0.0,3.0,4.0,0.0,2.0,8.0,25.0,False,False,False
Moses Malone,malonmo01,historical,17.0,49.0,46.0,6.0,2.0,3.0,11.0,149.0,0.371,0.5,0.688,12.1,0.499,,0.3,0.088,-3.3,0.0,-1.5,-1.8,2.8823529411764706,2.7058823529411766,0.35294117647058826,0.11764705882352941,0.17647058823529413,0.6470588235294118,8.764705882352942,3.0,0.0,1.0,4.0,4.0,0.0,1.0,12.0,39.0,False,False,False
Bernard King,kingbe01,historical,32.0,223.0,76.0,18.0,11.0,3.0,21.0,430.0,0.514,0.286,0.684,15.7,0.552,,1.2,0.134,-1.0,0.1,-0.2,-0.8,6.96875,2.375,0.5625,0.34375,0.09375,0.65625,13.4375,0.0,0.0,0.0,2.0,1.0,1.0,0.0,4.0,7.5,False,False,False
Alex English,englial01,historical,,,,,,,,,,,,,,,,,0.8500000000000001,0.7,0.595,0.255,,,,,,,,0.0,0.0,0.0,0.0,4.0,2.0,0.0,8.0,9.0,False,True,True
David Thompson,thompda01,historical,19.0,240.0,44.0,13.0,10.0,13.0,27.0,349.0,0.539,0.0,0.849,20.0,0.609,,1.0,0.144,1.6,0.4,2.1,-0.5,12.631578947368421,2.3157894736842106,0.6842105263157895,0.5263157894736842,0.6842105263157895,1.4210526315789473,18.36842105263158,0.0,0.0,0.0,2.0,2.0,0.0,0.0,4.0,8.0,False,False,False
Adrian Dantley,dantlad01,historical,,,,,,,,,,,,,,,,,0.8500000000000001,0.7,0.595,0.255,,,,,,,,0.0,0.0,0.0,2.0,2.0,2.0,0.0,6.0,10.0,False,True,True
Dominique Wilkins,wilkido01,historical,27.0,134.0,71.0,16.0,4.0,1.0,23.0,252.0,0.379,0.263,0.69,15.4,0.445,,0.3,0.053,-2.4,0.0,0.0,-2.4,4.962962962962963,2.6296296296296298,0.5925925925925926,0.14814814814814814,0.037037037037037035,0.8518518518518519,9.333333333333334,0.0,0.0,0.0,1.0,5.0,3.0,0.0,9.0,13.0,False,False,False
James Worthy,worthja01,historical,80.0,812.0,181.0,154.0,45.0,18.0,97.0,1597.0,0.406,0.288,0.741,12.8,0.452,,0.1,0.002,-2.9,-0.4,-0.6,-2.3,10.15,2.2625,1.925,0.5625,0.225,1.2125,19.9625,0.0,0.0,0.0,0.0,0.0,0.0,0.0,0.0,0.0,False,False,False
Dennis Rodman,rodmade01,historical,12.0,34.0,171.0,14.0,2.0,1.0,19.0,389.0,0.387,0.0,0.714,8.4,0.457,,0.6,0.074,-3.2,-0.1,-2.5,-0.7,2.8333333333333335,14.25,1.1666666666666667,0.16666666666666666,0.08333333333333333,1.5833333333333333,32.416666666666664,0.0,2.0,0.0,0.0,4.0,0.0,5.0,2.0,24.0,False,False,False
Pau Gasol,gasolpa01,historical,,,,,,,,,,,,,,,,,0.8500000000000001,0.7,0.595,0.255,,,,,,,,0.0,0.0,0.0,0.0,3.0,3.0,2.0,6.0,13.5,False,True,True
Tony Parker,parketo01,historical,56.0,530.0,83.0,207.0,21.0,7.0,75.0,1003.0,0.46,0.255,0.734,15.3,0.512,,0.9,0.044,-2.6,-0.1,-0.3,-2.3,9.464285714285714,1.4821428571428572,3.6964285714285716,0.375,0.125,1.3392857142857142,17.910714285714285,0.0,0.0,1.0,0.0,2.0,4.0,4.0,6.0,22.0,False,False,False
Manu Ginobili,ginobma01,historical,65.0,576.0,142.0,163.0,43.0,16.0,105.0,1299.0,0.434,0.333,0.84,12.9,0.553,,2.2,0.082,-1.3,0.2,-1.5,0.2,8.861538461538462,2.1846153846153844,2.5076923076923077,0.6615384615384615,0.24615384615384617,1.6153846153846154,19.984615384615385,0.0,0.0,0.0,0.0,2.0,1.0,4.0,2.0,15.5,False,False,False
Draymond Green,greendr01,active,54.0,463.0,299.0,286.0,44.0,33.0,141.0,1464.0,0.418,0.331,0.698,10.3,0.539,,1.4,0.046,-1.5,0.2,-2.5,1.1,8.574074074074074,5.537037037037037,5.296296296296297,0.8148148148148148,0.6111111111111112,2.611111111111111,27.11111111111111,0.0,1.0,0.0,0.0,1.0,3.0,4.0,4.0,18.5,False,False,False
Klay Thompson,thompkl01,active,58.0,688.0,132.0,79.0,30.0,16.0,56.0,1276.0,0.394,0.384,0.75,11.5,0.542,,0.6,0.023,-1.3,0.2,0.0,-1.3,11.862068965517242,2.2758620689655173,1.3620689655172413,0.5172413793103449,0.27586206896551724,0.9655172413793104,22.0,0.0,0.0,0.0,0.0,2.0,2.0,4.0,5.0,17.5,False,False,False
Russell Westbrook,westbru01,active,61.0,943.0,332.0,398.0,78.0,10.0,201.0,1765.0,0.431,0.343,0.711,15.2,0.533,,0.4,0.011,-0.4,0.7,0.7,-1.1,15.459016393442623,5.442622950819672,6.524590163934426,1.278688524590164,0.16393442622950818,3.2950819672131146,28.934426229508198,1.0,0.0,0.0,2.0,5.0,5.0,0.0,9.0,21.0,False,False,False
James Harden,hardeja01,active,12.0,242.0,60.0,94.0,6.0,6.0,39.0,401.0,0.487,0.451,0.803,19.1,0.654,,1.4,0.167,5.0,0.7,5.3,-0.3,20.166666666666668,5.0,7.833333333333333,0.5,0.5,3.25,33.416666666666664,1.0,0.0,0.0,6.0,4.0,3.0,0.0,10.0,27.5,False,False,False
Damian Lillard,lillada01,active,58.0,1447.0,272.0,410.0,70.0,10.0,162.0,2093.0,0.448,0.376,0.921,21.3,0.621,,7.6,0.175,4.0,3.2,4.7,-0.6,24.948275862068964,4.689655172413793,7.068965517241379,1.206896551724138,0.1724137931034483,2.793103448275862,36.08620689655172,0.0,0.0,0.0,2.0,3.0,2.0,0.0,7.0,11.5,False,False,False
Devin Booker,bookede01,active,50.0,1264.0,201.0,304.0,45.0,14.0,160.0,1669.0,0.45,0.326,0.872,20.1,0.579,,4.8,0.139,1.9,1.6,2.9,-1.0,25.28,4.02,6.08,0.9,0.28,3.2,33.38,0.0,0.0,0.0,1.0,1.0,2.0,0.0,4.0,6.0,False,False,False
Luka Doncic,doncilu01,active,54.0,1774.0,427.0,457.0,82.0,29.0,215.0,1918.0,0.475,0.367,0.776,27.9,0.616,,8.1,0.202,9.1,5.4,7.9,1.2,32.851851851851855,7.907407407407407,8.462962962962964,1.5185185185185186,0.5370370370370371,3.9814814814814814,35.51851851851852,0.0,0.0,0.0,4.0,2.0,0.0,0.0,5.0,12.5,False,False,False
Giannis Antetokounmpo,antetgi01,active,35.0,962.0,338.0,188.0,34.0,24.0,114.0,1016.0,0.628,0.333,0.648,32.4,0.661,,5.0,0.234,9.4,2.9,7.6,1.9,27.485714285714284,9.657142857142857,5.371428571428571,0.9714285714285714,0.6857142857142857,3.257142857142857,29.02857142857143,2.0,1.0,1.0,5.0,2.0,2.0,1.0,9.0,35.5,False,False,False
Joel Embiid,embiijo01,active,33.0,878.0,249.0,130.0,21.0,35.0,98.0,1029.0,0.495,0.318,0.858,24.9,0.606,,3.4,0.16,4.6,1.7,5.0,-0.4,26.606060606060606,7.545454545454546,3.9393939393939394,0.6363636363636364,1.0606060606060606,2.9696969696969697,31.181818181818183,1.0,0.0,0.0,4.0,2.0,2.0,0.0,7.0,19.5,False,False,False
Anthony Davis,davisan02,active,20.0,407.0,221.0,56.0,22.0,33.0,41.0,626.0,0.506,0.27,0.728,21.8,0.551,,1.5,0.112,2.4,0.7,1.5,0.9,20.35,11.05,2.8,1.1,1.65,2.05,31.3,0.0,0.0,0.0,4.0,3.0,1.0,1.0,8.0,18.5,False,False,False
Nikola Jokic,jokicni01,active,51.0,1463.0,646.0,532.0,73.0,41.0,192.0,1768.0,0.573,0.389,0.837,33.6,0.68,,12.1,0.33,14.8,7.5,10.7,4.1,28.686274509803923,12.666666666666666,10.431372549019608,1.4313725490196079,0.803921568627451,3.764705882352941,34.666666666666664,3.0,0.0,1.0,5.0,1.0,1.0,1.0,7.0,36.0,True,False,False
Kawhi Leonard,leonaka01,active,51.0,1441.0,325.0,192.0,102.0,23.0,105.0,1654.0,0.503,0.38,0.906,28.4,0.63,,7.6,0.22,8.5,4.4,7.5,1.0,28.254901960784313,6.372549019607843,3.764705882352941,2.0,0.45098039215686275,2.0588235294117645,32.431372549019606,0.0,2.0,2.0,2.0,4.0,1.0,2.0,6.0,27.5,False,False,False
Kyrie Irving,irvinky01,active,50.0,1234.0,240.0,231.0,66.0,23.0,111.0,1804.0,0.473,0.401,0.916,19.9,0.594,,4.6,0.124,3.4,2.5,3.9,-0.5,24.68,4.8,4.62,1.32,0.46,2.22,36.08,0.0,0.0,1.0,1.0,4.0,2.0,1.0,7.0,16.5,False,False,False
Jimmy Butler,butleji01,active,38.0,760.0,211.0,185.0,55.0,8.0,60.0,1182.0,0.519,0.376,0.864,23.6,0.646,,5.9,0.239,5.5,2.3,5.0,0.6,20.0,5.552631578947368,4.868421052631579,1.4473684210526316,0.21052631578947367,1.5789473684210527,31.105263157894736,0.0,0.0,0.0,1.0,4.0,3.0,0.0,6.0,10.5,False,False,False
Bam Adebayo,adebaba01,active,59.0,1182.0,577.0,171.0,65.0,41.0,103.0,1872.0,0.444,0.324,0.779,18.5,0.551,,5.2,0.132,2.0,1.9,1.4,0.6,20.033898305084747,9.779661016949152,2.8983050847457625,1.1016949152542372,0.6949152542372882,1.7457627118644068,31.728813559322035,0.0,0.0,0.0,0.0,1.0,2.0,0.0,3.0,3.5,False,False,False
Jayson Tatum,tatumja01,active,3.0,59.0,20.0,11.0,3.0,0.0,4.0,81.0,0.393,0.29,0.857,18.9,0.499,,0.2,0.1,1.3,0.1,1.3,0.0,19.666666666666668,6.666666666666667,3.6666666666666665,1.0,0.0,1.3333333333333333,27.0,0.0,0.0,1.0,2.0,2.0,3.0,1.0,6.0,16.5,False,False,False
Jaylen Brown,brownja02,active,59.0,1677.0,420.0,305.0,59.0,25.0,212.0,2010.0,0.479,0.347,0.785,22.3,0.57,,5.6,0.134,3.6,2.8,3.7,-0.1,28.423728813559322,7.11864406779661,5.169491525423729,1.0,0.423728813559322,3.593220338983051,34.067796610169495,0.0,0.0,1.0,0.0,1.0,1.0,1.0,2.0,8.5,False,False,False
Donovan Mitchell,mitchdo01,active,58.0,1642.0,262.0,336.0,90.0,17.0,173.0,1941.0,0.48,0.366,0.856,23.2,0.612,,6.9,0.171,5.4,3.7,5.5,0.0,28.310344827586206,4.517241379310345,5.793103448275862,1.5517241379310345,0.29310344827586204,2.9827586206896552,33.46551724137931,0.0,0.0,0.0,0.0,2.0,2.0,0.0,4.0,5.0,False,False,False
De'Aaron Fox,foxde01,active,57.0,1089.0,211.0,362.0,69.0,14.0,132.0,1798.0,0.492,0.346,0.749,18.0,0.586,,5.3,0.14,2.4,2.0,1.9,0.5,19.105263157894736,3.7017543859649122,6.350877192982456,1.2105263157894737,0.24561403508771928,2.3157894736842106,31.54385964912281,0.0,0.0,0.0,0.0,0.0,1.0,0.0,1.0,1.0,False,False,False
Ja Morant,moranja01,active,20.0,389.0,65.0,161.0,20.0,6.0,71.0,569.0,0.41,0.235,0.897,16.7,0.521,,0.5,0.04,-1.5,0.1,0.5,-2.0,19.45,3.25,8.05,1.0,0.3,3.55,28.45,0.0,0.0,0.0,1.0,1.0,0.0,0.0,2.0,4.0,False,False,False
Zion Williamson,willizi01,active,50.0,1072.0,294.0,169.0,51.0,27.0,105.0,1479.0,0.587,0.25,0.715,23.2,0.632,,4.9,0.158,2.9,1.9,3.7,-0.8,21.44,5.88,3.38,1.02,0.54,2.1,29.58,0.0,0.0,0.0,0.0,1.0,1.0,0.0,2.0,2.5,False,False,False
Paolo Banchero,banchpa01,active,55.0,1221.0,472.0,275.0,35.0,34.0,161.0,1922.0,0.463,0.308,0.771,17.9,0.566,,4.0,0.1,1.4,1.7,1.4,0.0,22.2,8.581818181818182,5.0,0.6363636363636364,0.6181818181818182,2.9272727272727272,34.945454545454545,0.0,0.0,0.0,0.0,0.0,1.0,0.0,1.0,1.0,False,False,False
Victor Wembanyama,wembavi01,active,51.0,1234.0,568.0,146.0,51.0,153.0,131.0,1493.0,0.506,0.36,0.815,28.2,0.625,,7.3,0.234,9.3,4.3,5.5,3.8,24.19607843137255,11.137254901960784,2.8627450980392157,1.0,3.0,2.5686274509803924,29.274509803921568,0.0,1.0,0.0,0.0,1.0,0.0,0.0,1.0,3.5,True,False,False
Shai Gilgeous-Alexander,gilgesh01,active,55.0,1747.0,248.0,365.0,75.0,45.0,118.0,1848.0,0.554,0.383,0.895,31.6,0.669,,12.9,0.334,12.2,6.6,9.1,3.0,31.763636363636362,4.509090909090909,6.636363636363637,1.3636363636363635,0.8181818181818182,2.1454545454545455,33.6,0.0,0.0,0.0,3.0,0.0,1.0,0.0,3.0,8.0,True,False,False
Evan Mobley,mobleev01,active,51.0,904.0,445.0,187.0,42.0,96.0,98.0,1656.0,0.52,0.309,0.623,19.0,0.582,,4.9,0.141,2.9,2.0,1.5,1.4,17.725490196078432,8.72549019607843,3.6666666666666665,0.8235294117647058,1.8823529411764706,1.9215686274509804,32.470588235294116,0.0,1.0,0.0,0.0,0.0,1.0,0.0,1.0,3.0,False,False,False
Scottie Barnes,barnesc01,active,63.0,1185.0,495.0,336.0,87.0,97.0,167.0,2161.0,0.499,0.299,0.835,18.9,0.574,,5.9,0.131,3.4,2.9,1.4,2.0,18.80952380952381,7.857142857142857,5.333333333333333,1.380952380952381,1.5396825396825398,2.6507936507936507,34.301587301587304,0.0,0.0,0.0,0.0,0.0,0.0,0.0,0.0,0.0,False,False,False
Paul Pierce,piercpa01,historical,25.0,81.0,48.0,10.0,4.0,5.0,16.0,277.0,0.4,0.349,0.769,5.7,0.535,,0.1,0.015,-4.7,-0.2,-4.7,0.1,3.24,1.92,0.4,0.16,0.2,0.64,11.08,0.0,0.0,1.0,0.0,3.0,5.0,1.0,10.0,16.5,False,False,False
Ray Allen,allenra02,historical,73.0,701.0,205.0,143.0,54.0,8.0,84.0,1936.0,0.442,0.375,0.905,12.8,0.59,,4.1,0.101,-0.4,0.8,0.5,-0.9,9.602739726027398,2.808219178082192,1.9589041095890412,0.7397260273972602,0.1095890410958904,1.1506849315068493,26.52054794520548,0.0,0.0,0.0,0.0,0.0,1.0,2.0,10.0,11.5,False,False,False
Vince Carter,cartevi01,historical,60.0,298.0,124.0,48.0,23.0,25.0,33.0,876.0,0.352,0.302,0.793,7.5,0.47,,-0.2,-0.011,-4.3,-0.5,-3.1,-1.2,4.966666666666667,2.066666666666667,0.8,0.38333333333333336,0.4166666666666667,0.55,14.6,0.0,0.0,0.0,0.0,0.0,1.0,0.0,8.0,4.5,False,False,False
Tracy McGrady,mcgratr01,historical,,,,,,,,,,,,,,,,,0.8500000000000001,0.7,0.595,0.255,,,,,,,,0.0,0.0,0.0,2.0,3.0,2.0,0.0,7.0,11.5,False,True,True
Grant Hill,hillgr01,historical,29.0,93.0,49.0,26.0,11.0,7.0,25.0,437.0,0.388,0.273,0.583,4.8,0.428,,-0.1,-0.014,-5.6,-0.4,-5.3,-0.3,3.206896551724138,1.6896551724137931,0.896551724137931,0.3793103448275862,0.2413793103448276,0.8620689655172413,15.068965517241379,0.0,0.0,0.0,0.0,1.0,3.0,0.0,7.0,6.0,False,False,False
Dikembe Mutombo,mutomdi01,historical,9.0,16.0,33.0,0.0,0.0,11.0,6.0,96.0,0.385,,0.667,10.8,0.472,,0.2,0.088,-3.0,0.0,-4.1,1.1,1.7777777777777777,3.6666666666666665,0.0,0.0,1.2222222222222223,0.6666666666666666,10.666666666666666,0.0,4.0,0.0,0.0,3.0,3.0,0.0,8.0,16.5,False,False,False
Artis Gilmore,gilmoar01,historical,,,,,,,,,,,,,,,,,0.8500000000000001,0.7,0.595,0.255,,,,,,,,0.0,0.0,0.0,2.0,4.0,0.0,0.0,11.0,13.5,False,True,True
Sidney Moncrief,moncrsi01,historical,72.0,337.0,128.0,104.0,50.0,9.0,66.0,1096.0,0.488,0.328,0.781,11.2,0.589,,1.8,0.079,-0.7,0.4,-1.6,0.9,4.680555555555555,1.7777777777777777,1.4444444444444444,0.6944444444444444,0.125,0.9166666666666666,15.222222222222221,0.0,2.0,0.0,1.0,3.0,0.0,0.0,5.0,11.5,False,False,False
Jack Sikma,sikmaja01,historical,77.0,802.0,441.0,143.0,65.0,64.0,130.0,1940.0,0.427,0.341,0.843,13.7,0.516,,3.5,0.088,-0.5,0.8,-0.8,0.3,10.415584415584416,5.7272727272727275,1.8571428571428572,0.8441558441558441,0.8311688311688312,1.6883116883116882,25.194805194805195,0.0,0.0,0.0,0.0,0.0,0.0,0.0,0.0,0.0,False,False,False
Dennis Johnson,johnsde02,historical,5.0,6.0,7.0,0.0,1.0,0.0,3.0,37.0,0.333,,,0.5,0.333,,-0.1,-0.091,-10.3,-0.1,-9.6,-0.7,1.2,1.4,0.0,0.2,0.0,0.6,7.4,0.0,1.0,0.0,0.0,3.0,2.0,3.0,5.0,17.5,False,False,False
Bobby Jones,jonesbo02,historical,3.0,2.0,2.0,1.0,2.0,0.0,1.0,20.0,0.25,0.0,,3.4,0.25,,0.0,-0.042,-2.0,0.0,-6.8,4.8,0.6666666666666666,0.6666666666666666,0.3333333333333333,0.6666666666666666,0.0,0.3333333333333333,6.666666666666667,0.0,0.0,0.0,0.0,0.0,0.0,0.0,0.0,0.0,False,False,False
Spencer Haywood,haywosp01,historical,38.0,313.0,183.0,30.0,12.0,27.0,67.0,775.0,0.401,0.0,0.724,10.0,0.447,,0.4,0.025,-4.6,-0.5,-4.1,-0.5,8.236842105263158,4.815789473684211,0.7894736842105263,0.3157894736842105,0.7105263157894737,1.763157894736842,20.394736842105264,0.0,0.0,0.0,0.0,0.0,0.0,0.0,0.0,0.0,False,False,False
Connie Hawkins,hawkico01,historical,74.0,610.0,445.0,212.0,80.0,46.0,,1907.0,0.447,,0.712,14.3,0.497,,3.5,0.087,1.3,1.6,0.4,0.9,8.243243243243244,6.013513513513513,2.864864864864865,1.0810810810810811,0.6216216216216216,,25.77027027027027,0.0,0.0,0.0,0.0,0.0,0.0,0.0,0.0,0.0,False,False,False
Calvin Murphy,murphca01,historical,64.0,816.0,74.0,158.0,59.0,4.0,89.0,1423.0,0.447,0.286,0.92,14.8,0.498,,1.6,0.055,-1.7,0.1,-0.5,-1.1,12.75,1.15625,2.46875,0.921875,0.0625,1.390625,22.234375,0.0,0.0,0.0,0.0,0.0,0.0,0.0,0.0,0.0,False,False,False
Bob Love,lovebo01,historical,32.0,131.0,87.0,21.0,13.0,2.0,,450.0,0.372,,0.872,9.1,0.462,,0.5,0.055,-3.3,-0.1,-2.8,-0.5,4.09375,2.71875,0.65625,0.40625,0.0625,,14.0625,0.0,0.0,0.0,0.0,0.0,0.0,0.0,0.0,0.0,False,False,False
Bailey Howell,howelba01,historical,82.0,878.0,441.0,115.0,,,,1589.0,0.472,,0.73,17.0,0.532,,5.0,0.152,0.8,0.15,0.5599999999999999,0.24,10.707317073170731,5.378048780487805,1.4024390243902438,,,,19.378048780487806,0.0,0.0,0.0,0.0,0.0,0.0,0.0,0.0,0.0,False,True,True
Paul Arizin,arizipa01,historical,78.0,1706.0,527.0,201.0,,,,2785.0,0.41,,0.805,15.0,0.486,,6.3,0.109,0.0,0.189,0.0,0.0,21.871794871794872,6.756410256410256,2.576923076923077,,,,35.705128205128204,0.0,0.0,0.0,3.0,6.0,0.0,1.0,10.0,20.0,False,True,True
Dolph Schayes,schaydo01,historical,24.0,134.0,110.0,48.0,,,,350.0,0.308,,0.807,11.5,0.399,,-0.1,-0.01,-1.4000000000000001,-0.003,-0.98,-0.42000000000000004,5.583333333333333,4.583333333333333,2.0,,,,14.583333333333334,0.0,0.0,0.0,6.0,6.0,0.0,1.0,12.0,27.0,False,True,True
Fat Lever,leverfa01,historical,81.0,555.0,283.0,213.0,159.0,15.0,88.0,1947.0,0.408,0.351,0.765,13.2,0.462,,2.9,0.07,0.5,1.3,-1.8,2.4,6.851851851851852,3.493827160493827,2.6296296296296298,1.962962962962963,0.18518518518518517,1.0864197530864197,24.037037037037038,0.0,0.0,0.0,0.0,0.0,0.0,0.0,0.0,0.0,False,False,False
Mark Aguirre,aguirma01,historical,39.0,413.0,116.0,104.0,21.0,8.0,70.0,859.0,0.468,0.398,0.694,13.1,0.544,,0.9,0.05,-1.8,0.0,-0.5,-1.4,10.58974358974359,2.9743589743589745,2.6666666666666665,0.5384615384615384,0.20512820512820512,1.794871794871795,22.025641025641026,0.0,0.0,0.0,0.0,0.0,0.0,0.0,0.0,0.0,False,False,False
Dave DeBusschere,debusda01,historical,71.0,1282.0,757.0,253.0,67.0,39.0,,2699.0,0.461,,0.756,16.3,0.49,,7.0,0.125,1.7,2.5,0.9,0.7,18.056338028169016,10.661971830985916,3.563380281690141,0.9436619718309859,0.5492957746478874,,38.014084507042256,0.0,0.0,0.0,0.0,2.0,6.0,2.0,8.0,15.0,False,False,False
Jerry Sloan,sloanje01,historical,22.0,223.0,116.0,22.0,27.0,5.0,,617.0,0.4,,0.705,11.2,0.456,,0.9,0.068,-2.1,0.0,-2.4,0.4,10.136363636363637,5.2727272727272725,1.0,1.2272727272727273,0.22727272727272727,,28.045454545454547,0.0,0.0,0.0,0.0,0.0,0.0,0.0,0.0,0.0,False,False,False
Chet Walker,walkech01,historical,76.0,1461.0,432.0,169.0,49.0,6.0,,2452.0,0.487,,0.86,19.5,0.568,,10.5,0.205,2.5,2.8,3.2,-0.7,19.223684210526315,5.684210526315789,2.223684210526316,0.6447368421052632,0.07894736842105263,,32.26315789473684,0.0,0.0,0.0,0.0,0.0,0.0,0.0,0.0,0.0,False,False,False
