player_name,slug,player_status,career_g,career_pts,career_trb,career_ast,career_stl,career_blk,career_tov,career_mp,career_fg_pct,career_fg3_pct,career_ft_pct,career_per,career_ts_pct,career_efg_pct,career_ws,career_ws_per48,career_bpm,career_vorp,career_obpm,career_dbpm,career_ppg,career_rpg,career_apg,career_spg,career_bpg,career_topg,career_mpg,mvp,dpoy,finals_mvp,all_nba_1st,all_nba_2nd,all_nba_3rd,championships,allstar,honors_index,is_benchmark,career_bpm_imputed,career_vorp_imputed,adj_career_pts,adj_career_trb,adj_career_ast,adj_career_stl,adj_career_blk,adj_career_ppg,adj_career_rpg,adj_career_apg,adj_career_efg_pct,adj_career_ts_pct,adj_career_ws,avg_pace_factor,avg_ppg_factor,avg_efg_factor,min_season_year,max_season_year,n_seasons
Michael Jordan,jordami01,historical,1072.0,32292.0,6672.0,5633.0,2514.0,893.0,2924.0,41011.0,0.497,0.327,0.835,27.9,0.569,,214.0,0.25,9.2,116.1,7.2,2.0,30.12313432835821,6.223880597014926,5.254664179104478,2.345149253731343,0.8330223880597015,2.7276119402985075,38.25652985074627,5.0,1.0,6.0,10.0,1.0,0.0,6.0,14.0,91.0,False,False,False,31113.56,6458.84,5416.57,2409.1,853.25,29.37,5.92,4.95,0.54,0.6,204.64,0.9709306014944346,1.051761234117436,1.0801729209844484,1984.0,2002.0,15
LeBron James,jamesle01,active,1607.0,43145.0,11986.0,11899.0,2395.0,1179.0,5609.0,60531.0,0.506,0.348,0.737,26.7,0.59,,275.0,0.218,8.4,158.5,6.8,1.6,26.848164281269447,7.458618543870566,7.404480398257623,1.4903546981953952,0.7336652146857499,3.4903546981953952,37.667081518357186,4.0,0.0,4.0,13.0,3.0,3.0,4.0,20.0,84.5,True,False,False,44954.4,12461.05,12353.85,2509.06,1231.66,27.99,7.73,7.66,0.57,0.61,288.22,1.0367597933492603,1.0562380920186054,1.0371479026859383,2003.0,2025.0,23
Kareem Abdul-Jabbar,abdulka01,historical,1560.0,38387.0,17440.0,5660.0,1160.0,3189.0,2527.0,57446.0,0.559,0.056,0.721,24.6,0.592,,273.4,0.228,5.7,85.7,4.1,1.6,24.60705128205128,11.179487179487179,3.628205128205128,0.7435897435897436,2.044230769230769,1.619871794871795,36.82435897435897,6.0,0.0,2.0,10.0,5.0,0.0,6.0,19.0,88.5,False,False,False,36261.76,16451.71,5341.65,1096.39,3013.44,23.81,10.54,3.42,0.64,0.67,258.04,0.9439887150921932,1.0052101228414378,1.1810206390911024,1969.0,1988.0,20
Bill Russell,russebi01,historical,963.0,14522.0,21620.0,4100.0,,,,40726.0,0.44,,0.561,18.9,0.471,,163.5,0.193,1.5599999999999996,4.905,1.0919999999999996,0.46799999999999986,15.079958463136034,22.45067497403946,4.257528556593977,,,,42.29075804776739,5.0,0.0,0.0,3.0,8.0,0.0,11.0,12.0,78.0,False,True,True,12932.7,19273.73,3657.74,0.0,0.0,14.08,19.98,3.71,,0.6,145.43,0.8940121183284977,0.9903071791339729,1.295040431331201,1956.0,1968.0,13
Wilt Chamberlain,chambwi01,historical,1045.0,31419.0,23924.0,4643.0,,,,47859.0,0.54,,0.511,26.2,0.547,,247.3,0.248,4.4799999999999995,7.4190000000000005,3.1359999999999997,1.3439999999999999,30.06602870813397,22.89377990430622,4.443062200956938,,,,45.79808612440191,4.0,0.0,1.0,7.0,3.0,0.0,2.0,13.0,52.5,False,True,True,30186.16,22954.97,4425.4,0.0,0.0,28.24,20.37,3.86,,0.68,235.07,0.8998290394885304,0.9717101179632548,1.2803381700823389,1959.0,1972.0,16
Magic Johnson,johnsma02,historical,906.0,17707.0,6559.0,10141.0,1724.0,374.0,3506.0,33245.0,0.52,0.303,0.848,24.1,0.61,,155.8,0.225,7.5,80.0,5.9,1.6,19.544150110375277,7.239514348785872,11.193156732891833,1.9028697571743929,0.41280353200883,3.869757174392936,36.69426048565121,3.0,0.0,3.0,10.0,2.0,0.0,5.0,12.0,67.0,False,False,False,16659.31,6182.96,9552.19,1626.02,353.49,18.84,6.82,10.3,0.58,0.66,146.49,0.9441631935971924,1.0202445770189286,1.1054330259347742,1979.0,1995.0,13
Larry Bird,birdla01,historical,897.0,21791.0,8974.0,5695.0,1556.0,755.0,2816.0,34443.0,0.496,0.376,0.886,23.5,0.564,,145.8,0.203,6.9,77.2,5.1,1.8,24.29319955406912,10.004459308807135,6.348940914158305,1.734671125975474,0.8416945373467113,3.1393534002229653,38.39799331103679,3.0,0.0,2.0,9.0,1.0,0.0,3.0,12.0,55.0,False,False,False,20578.33,8478.67,5375.46,1470.67,713.53,23.09,9.13,5.92,0.56,0.61,138.03,0.9410288922646242,1.0177000561719425,1.1056011315728085,1979.0,1991.0,13
Shaquille O'Neal,onealsh01,historical,1207.0,28596.0,13099.0,3026.0,739.0,2732.0,3310.0,41918.0,0.582,0.045,0.527,26.4,0.586,,181.7,0.208,5.1,75.5,4.4,0.7,23.691797845898922,10.852526926263463,2.507042253521127,0.6122618061309031,2.263463131731566,2.7423363711681854,34.72908036454018,1.0,0.0,3.0,8.0,6.0,0.0,4.0,15.0,55.5,False,False,False,30444.46,14129.88,3246.11,792.27,2910.93,23.57,10.8,2.45,0.63,0.63,191.09,1.0442863188162506,1.1095068451716563,1.0778062032081308,1992.0,2010.0,21
Tim Duncan,duncati01,historical,1392.0,26496.0,15091.0,4225.0,1025.0,3020.0,3381.0,47368.0,0.506,0.179,0.696,24.2,0.551,,206.4,0.209,5.6,91.1,3.3,2.3,19.03448275862069,10.841235632183908,3.0352011494252875,0.7363505747126436,2.1695402298850577,2.4288793103448274,34.02873563218391,2.0,0.0,3.0,10.0,3.0,2.0,5.0,15.0,65.5,False,False,False,28285.73,16099.33,4507.64,1092.39,3222.55,20.55,11.49,3.2,0.54,0.59,220.24,1.0651923146121494,1.1144056155736635,1.0752520718024305,1997.0,2015.0,19
Kobe Bryant,bryanko01,historical,1346.0,33643.0,7047.0,6306.0,1944.0,640.0,4010.0,48637.0,0.447,0.329,0.837,22.9,0.55,,172.7,0.17,4.6,80.1,4.6,-0.1,24.994799405646358,5.235512630014859,4.684992570579495,1.4442793462109955,0.475482912332838,2.9791976225854384,36.13447251114413,1.0,0.0,2.0,11.0,2.0,2.0,5.0,18.0,60.0,False,False,False,35929.54,7523.29,6738.65,2075.23,682.4,26.31,5.54,5.07,0.51,0.58,184.87,1.062701532730871,1.1127484511657888,1.0748125765967669,1996.0,2015.0,20
Oscar Robertson,roberos01,historical,1040.0,26710.0,7804.0,9887.0,77.0,4.0,,43886.0,0.485,,0.838,23.2,0.564,,189.2,0.207,-0.1,1.2,0.2,-0.3,25.682692307692307,7.503846153846154,9.506730769230769,0.07403846153846154,0.0038461538461538464,,42.198076923076925,1.0,0.0,0.0,9.0,2.0,0.0,1.0,12.0,34.0,False,False,False,24014.03,6983.78,8913.3,73.91,3.84,23.64,6.65,8.53,,0.68,169.98,0.9068801056648835,0.9683807684091538,1.2748148733790585,1960.0,1973.0,14
Jerry West,westje01,historical,932.0,25192.0,5366.0,6238.0,81.0,23.0,,36571.0,0.474,,0.814,22.9,0.55,,162.6,0.213,4.7,1.6,3.3,1.4,27.030042918454935,5.757510729613734,6.6931330472103,0.08690987124463519,0.02467811158798283,,39.23927038626609,0.0,0.0,1.0,10.0,2.0,0.0,1.0,14.0,35.0,False,False,False,22777.15,4820.24,5686.6,77.75,22.08,24.88,5.09,6.11,,0.67,147.23,0.9068801056648835,0.9683807684091538,1.2748148733790585,1960.0,1973.0,14
Hakeem Olajuwon,olajuha01,historical,1238.0,26946.0,13748.0,3058.0,2162.0,3830.0,3667.0,44222.0,0.512,0.202,0.712,23.6,0.553,,162.8,0.177,4.6,74.2,2.2,2.5,21.765751211631663,11.105008077544426,2.470113085621971,1.7463651050080775,3.0936995153473346,2.9620355411954766,35.7205169628433,1.0,2.0,2.0,6.0,5.0,1.0,2.0,12.0,44.5,False,False,False,25862.48,13200.42,2944.87,2078.18,3664.73,20.99,10.46,2.33,0.55,0.59,155.76,0.977010723255607,1.060623792925666,1.080251737514889,1984.0,2001.0,18
Charles Barkley,barklch01,historical,1073.0,23757.0,12546.0,4215.0,1648.0,888.0,3376.0,39330.0,0.541,0.266,0.735,24.6,0.612,,177.2,0.216,6.1,80.5,5.4,0.8,22.140726933830383,11.692451071761417,3.928238583410997,1.5358807082945014,0.8275862068965517,3.146318732525629,36.654240447343895,1.0,0.0,0.0,5.0,5.0,1.0,0.0,11.0,26.0,False,False,False,22581.41,12005.73,4027.97,1568.43,843.87,21.42,11.29,3.8,0.59,0.64,168.51,0.9657322697971246,1.0516667812766671,1.079050036099853,1984.0,1999.0,16
Karl Malone,malonka01,historical,1476.0,36928.0,14968.0,5248.0,2085.0,1145.0,4524.0,54852.0,0.516,0.274,0.742,23.9,0.577,,234.6,0.205,5.1,99.0,4.2,0.9,25.018970189701896,10.140921409214092,3.5555555555555554,1.4126016260162602,0.7757452574525745,3.065040650406504,37.16260162601626,2.0,0.0,0.0,11.0,3.0,0.0,0.0,14.0,42.0,False,False,False,36193.65,14651.73,5219.31,2051.91,1120.17,25.11,9.91,3.57,0.55,0.61,230.9,0.9889192978298224,1.0721750622126927,1.0800856494989606,1985.0,2003.0,19
John Stockton,stockjo01,historical,1504.0,19711.0,4051.0,15806.0,3265.0,315.0,4244.0,47764.0,0.515,0.384,0.826,21.8,0.608,,207.7,0.209,6.8,106.5,4.9,1.9,13.105718085106384,2.6934840425531914,10.509308510638299,2.170877659574468,0.20944148936170212,2.8218085106382977,31.757978723404257,0.0,0.0,0.0,6.0,5.0,0.0,0.0,10.0,22.0,False,False,False,19233.78,3973.58,15342.8,3167.02,309.51,13.22,2.65,10.14,0.58,0.65,202.67,0.9826830539007162,1.06522584736248,1.0806977783598917,1984.0,2002.0,19
Dirk Nowitzki,nowitdi01,historical,1522.0,31560.0,11489.0,3651.0,1210.0,1281.0,2494.0,51368.0,0.471,0.38,0.879,22.4,0.577,,206.3,0.193,4.5,84.8,4.2,0.4,20.73587385019711,7.548620236530881,2.3988173455978976,0.7950065703022339,0.8416557161629435,1.6386333771353483,33.7503285151117,1.0,0.0,1.0,4.0,8.0,1.0,1.0,14.0,34.5,False,False,False,33659.08,12245.83,3896.78,1291.52,1366.86,21.79,7.83,2.48,0.54,0.6,220.76,1.0602465811847823,1.1044220859648588,1.0688046501037185,1998.0,2018.0,21
Kevin Durant,duranke01,active,1185.0,32174.0,8169.0,5185.0,1226.0,1330.0,3752.0,43495.0,0.503,0.391,0.882,24.6,0.621,,183.6,0.203,6.3,91.0,5.7,0.6,27.151054852320677,6.89367088607595,4.375527426160337,1.0345991561181436,1.1223628691983123,3.1662447257383968,36.70464135021097,1.0,0.0,2.0,6.0,5.0,2.0,2.0,14.0,42.0,False,False,False,34633.47,8764.4,5564.8,1309.79,1438.05,28.02,7.05,4.55,0.58,0.64,197.36,1.0269604375677042,1.0370333761134047,1.0222572153023062,2007.0,2025.0,20
Stephen Curry,curryst01,active,1065.0,26447.0,4957.0,6729.0,1597.0,281.0,3298.0,36197.0,0.471,0.422,0.912,23.4,0.626,,147.0,0.195,6.4,77.0,6.2,0.2,24.832863849765257,4.654460093896714,6.31830985915493,1.4995305164319248,0.26384976525821596,3.096713615023474,33.987793427230045,2.0,0.0,1.0,5.0,4.0,1.0,4.0,10.0,44.5,True,False,False,27035.98,5075.12,6923.83,1647.79,286.53,25.01,4.74,6.38,0.59,0.63,151.03,1.0225760010805165,1.03150942182407,1.020384847140177,2009.0,2025.0,17
Chris Paul,paulch01,historical,1370.0,23058.0,6006.0,12552.0,2728.0,222.0,3109.0,45836.0,0.469,0.37,0.87,23.5,0.58,,215.2,0.225,6.5,98.8,4.5,2.0,16.83065693430657,4.383941605839416,9.162043795620438,1.9912408759124087,0.16204379562043797,2.269343065693431,33.456934306569345,0.0,0.0,0.0,4.0,8.0,0.0,0.0,12.0,22.0,False,False,False,23958.34,6215.13,13023.05,2841.62,226.38,17.05,4.43,9.25,0.53,0.59,224.38,1.0320122655619468,1.0468010986588758,1.0316915296128717,2005.0,2025.0,21
Dwyane Wade,wadedw01,historical,1054.0,23165.0,4933.0,5701.0,1620.0,885.0,3326.0,35773.0,0.48,0.293,0.765,23.5,0.554,,120.7,0.162,5.0,62.8,4.2,0.8,21.97817836812144,4.680265654648957,5.4089184060721065,1.537001897533207,0.8396584440227703,3.155597722960152,33.94022770398482,0.0,0.0,1.0,2.0,5.0,1.0,3.0,13.0,28.0,False,False,False,25372.9,5486.35,6286.72,1784.09,987.89,22.2,4.78,5.46,0.52,0.57,130.06,1.0539164381646817,1.086365066132879,1.059245161105899,2003.0,2018.0,18
Carmelo Anthony,anthoca01,historical,1260.0,28289.0,7808.0,3422.0,1223.0,644.0,3052.0,43514.0,0.447,0.355,0.814,19.5,0.543,,108.5,0.12,1.3,36.7,2.5,-1.2,22.451587301587303,6.196825396825397,2.715873015873016,0.9706349206349206,0.5111111111111111,2.422222222222222,34.53492063492064,0.0,0.0,0.0,1.0,3.0,2.0,0.0,10.0,11.0,False,False,False,31947.67,8813.85,3848.16,1362.45,722.67,23.86,6.58,2.8,0.51,0.57,123.42,1.04803157059485,1.0765155285719072,1.0517006085408727,2003.0,2021.0,21
Kevin Garnett,garneke01,historical,1462.0,26071.0,14662.0,5445.0,1859.0,2037.0,3179.0,50418.0,0.497,0.275,0.789,22.7,0.546,,191.4,0.182,5.6,96.9,3.5,2.1,17.832421340629274,10.028727770177838,3.7243502051983586,1.2715458276333789,1.393296853625171,2.1744186046511627,34.48563611491108,1.0,1.0,0.0,4.0,4.0,1.0,1.0,15.0,30.0,False,False,False,28085.48,15934.64,5880.42,2019.27,2173.56,17.54,9.94,3.59,0.53,0.58,206.36,1.0575994866293157,1.1077233739448673,1.0722306629965337,1995.0,2015.0,23
Allen Iverson,iversal01,historical,914.0,24368.0,3394.0,5624.0,1983.0,164.0,3262.0,37584.0,0.425,0.313,0.78,20.9,0.518,,99.0,0.126,3.2,49.6,3.5,-0.2,26.660831509846826,3.713347921225383,6.153172866520788,2.1695842450765865,0.17943107221006566,3.5689277899343543,41.12035010940919,1.0,0.0,0.0,3.0,3.0,5.0,0.0,11.0,22.0,False,False,False,29288.83,4086.5,6912.16,2358.03,195.74,26.3,3.6,6.28,0.5,0.56,115.9,1.066437655120791,1.1174270724299642,1.0799186078554908,1996.0,2009.0,20
Scottie Pippen,pippesc01,historical,1178.0,18940.0,7494.0,6135.0,2307.0,947.0,3257.0,41069.0,0.473,0.326,0.704,18.6,0.536,,125.1,0.146,4.1,63.2,2.3,1.8,16.07809847198642,6.361629881154499,5.207979626485569,1.9584040747028864,0.8039049235993209,2.764855687606112,34.86332767402377,0.0,0.0,0.0,3.0,2.0,3.0,6.0,7.0,31.0,False,False,False,18479.91,7322.9,6031.05,2249.33,916.63,15.82,6.05,5.04,0.53,0.57,122.43,0.99281900257949,1.0806749939996287,1.0779898902777647,1987.0,2003.0,17
Reggie Miller,millere01,historical,1389.0,25279.0,4182.0,4141.0,1505.0,299.0,2409.0,47619.0,0.471,0.395,0.888,18.4,0.614,,174.4,0.176,3.5,66.1,3.7,-0.2,18.199424046076313,3.0107991360691146,2.9812814974802015,1.0835133189344852,0.21526277897768178,1.7343412526997841,34.2829373650108,0.0,0.0,0.0,0.0,1.0,4.0,0.0,5.0,5.5,False,False,False,25014.69,4143.89,4100.82,1485.57,293.19,18.61,2.97,2.93,0.58,0.65,173.56,0.9983295512708131,1.0849575694239133,1.0788399744074533,1987.0,2004.0,18
Gary Payton,paytoga01,historical,1335.0,21813.0,5269.0,8966.0,2445.0,285.0,3030.0,47117.0,0.466,0.317,0.729,18.9,0.528,,145.5,0.148,3.3,62.5,2.7,0.5,16.339325842696628,3.946816479400749,6.716104868913858,1.8314606741573034,0.21348314606741572,2.269662921348315,35.293632958801496,0.0,1.0,0.0,2.0,5.0,2.0,1.0,9.0,19.5,False,False,False,24131.42,5762.56,9879.21,2606.96,312.08,17.85,4.07,7.08,0.53,0.56,158.87,1.0282364843778047,1.1079038784366642,1.079953264796682,1990.0,2006.0,19
Patrick Ewing,ewingpa01,historical,1183.0,24815.0,11607.0,2215.0,1136.0,2894.0,3537.0,40594.0,0.504,0.152,0.74,21.0,0.553,,126.4,0.15,2.9,50.1,1.3,1.6,20.976331360946745,9.81149619611158,1.8723584108199494,0.9602704987320372,2.4463229078613695,2.9898562975486054,34.31445477599324,0.0,0.0,0.0,1.0,7.0,3.0,0.0,11.0,16.0,False,False,False,23780.19,11204.71,2119.0,1088.3,2764.3,20.58,9.47,1.72,0.53,0.58,120.81,0.9778513448261856,1.0629630389330145,1.0786654465656587,1985.0,2001.0,17
Clyde Drexler,drexlcl01,historical,1086.0,22195.0,6677.0,6125.0,2207.0,719.0,2977.0,37537.0,0.472,0.318,0.788,21.1,0.547,,135.6,0.173,5.4,70.2,4.1,1.3,20.437384898710867,6.148250460405157,5.639963167587477,2.032228360957643,0.6620626151012892,2.741252302025783,34.564456721915285,0.0,0.0,0.0,2.0,4.0,1.0,1.0,10.0,16.5,False,False,False,22609.1,6791.47,6167.47,2226.4,725.34,20.26,5.9,5.28,0.53,0.59,139.57,0.953258341722259,1.041738254080469,1.078627475094537,1983.0,1997.0,17
Elgin Baylor,bayloel01,historical,846.0,23149.0,11463.0,3650.0,,,,33863.0,0.431,,0.78,22.7,0.494,,104.2,0.148,3.08,3.126,2.1559999999999997,0.9239999999999999,27.3628841607565,13.549645390070921,4.314420803782506,,,,40.027186761229316,0.0,0.0,0.0,10.0,1.0,0.0,0.0,11.0,26.5,False,True,True,20592.69,10200.79,3257.79,0.0,0.0,23.35,11.25,3.53,,0.61,92.54,0.8992161816660121,0.9748811925531634,1.284053533904879,1958.0,1971.0,14
Walt Frazier,fraziwa01,historical,825.0,15581.0,4830.0,5040.0,681.0,63.0,139.0,30965.0,0.49,0.0,0.786,19.1,0.542,,113.5,0.176,2.5,15.5,1.8,0.7,18.886060606060607,5.8545454545454545,6.109090909090909,0.8254545454545454,0.07636363636363637,0.1684848484848485,37.53333333333333,0.0,0.0,0.0,4.0,2.0,1.0,2.0,7.0,20.0,False,False,False,14654.01,4540.58,4731.94,647.12,59.67,16.41,4.86,5.21,0.58,0.64,106.88,0.9345157044472656,0.9893371986443003,1.2487191452383137,1967.0,1979.0,13
Willis Reed,reedwi01,historical,650.0,12183.0,8414.0,1186.0,12.0,21.0,,23073.0,0.476,,0.747,18.6,0.523,,74.9,0.156,1.3,0.4,0.6,0.7,18.743076923076924,12.944615384615384,1.8246153846153845,0.018461538461538463,0.03230769230769231,,35.496923076923075,1.0,0.0,2.0,1.0,4.0,0.0,2.0,7.0,26.5,False,False,False,11180.95,7718.2,1091.59,11.52,20.16,16.6,11.15,1.68,,0.63,68.96,0.9248748124842076,0.9802707760963021,1.2677413443400343,1964.0,1973.0,10
Bob Pettit,pettibo01,historical,792.0,20880.0,12849.0,2369.0,,,,30690.0,0.436,,0.761,25.4,0.511,,136.0,0.213,4.159999999999999,4.08,2.9119999999999995,1.2479999999999998,26.363636363636363,16.223484848484848,2.9911616161616164,,,,38.75,2.0,0.0,0.0,11.0,0.0,0.0,0.0,11.0,37.5,False,True,True,18759.3,11570.03,2134.5,0.0,0.0,24.9,14.51,2.67,,0.64,122.66,0.9040321121649219,1.0381900301506912,1.3118993877473808,1954.0,1964.0,11
Pete Maravich,maravpe01,historical,658.0,15948.0,2747.0,3563.0,587.0,108.0,530.0,24316.0,0.441,0.667,0.82,18.4,0.5,,46.7,0.092,0.2,8.9,1.6,-1.3,24.237082066869302,4.174772036474164,5.414893617021277,0.89209726443769,0.1641337386018237,0.8054711246200608,36.954407294832826,0.0,0.0,0.0,2.0,3.0,0.0,0.0,5.0,9.5,False,False,False,15551.82,2664.84,3435.75,575.97,107.14,21.34,3.43,4.48,0.55,0.61,44.4,0.933188666870176,0.994846770565455,1.2398143553120697,1970.0,1979.0,12
Rick Barry,barryri01,historical,1020.0,25279.0,6863.0,4952.0,1104.0,269.0,1364.0,38153.0,0.456,0.297,0.893,21.0,0.525,,128.9,0.162,3.0,24.8,2.5,0.5,24.783333333333335,6.72843137254902,4.854901960784313,1.0823529411764705,0.26372549019607844,1.3372549019607842,37.404901960784315,0.0,0.0,1.0,7.0,3.0,0.0,1.0,12.0,29.0,False,False,False,23631.16,6405.0,4639.53,1041.57,252.06,24.14,6.36,4.47,0.57,0.64,120.54,0.9328426751846568,0.9910267338875165,1.251271487088592,1965.0,1979.0,14
Bob Cousy,cousybo01,historical,924.0,16960.0,4786.0,6955.0,,,,30165.0,0.375,,0.803,19.9,0.446,,91.1,0.139,1.9599999999999995,2.7329999999999997,1.3719999999999997,0.5879999999999999,18.354978354978353,5.17965367965368,7.5270562770562774,,,,32.646103896103895,1.0,0.0,0.0,10.0,2.0,0.0,6.0,13.0,51.5,False,True,True,16241.17,4632.8,6589.13,0.0,0.0,17.82,4.77,6.76,,0.59,86.87,0.9527899743974083,1.1195769411701726,1.3293847370850038,1950.0,1969.0,14
Julius Erving,ervinju01,historical,1243.0,30026.0,10525.0,5176.0,2272.0,1941.0,3940.0,45227.0,0.506,0.298,0.777,23.5,0.558,,181.1,0.192,6.2,80.1,4.6,1.6,24.156074014481096,8.467417538213999,4.164119066773934,1.827835880933226,1.5615446500402252,3.169750603378922,36.38535800482703,1.0,0.0,1.0,5.0,4.0,2.0,1.0,11.0,31.5,False,False,False,28483.07,9985.58,4909.92,2155.85,1844.27,23.32,7.91,3.92,0.59,0.64,171.9,0.9486881170632959,1.008556510454091,1.1825791438033266,1971.0,1986.0,16
John Havlicek,havlijo01,historical,1270.0,26395.0,8007.0,6114.0,476.0,117.0,204.0,46471.0,0.439,,0.815,17.5,0.492,,131.7,0.136,1.1,11.5,1.0,0.1,20.783464566929133,6.304724409448819,4.814173228346457,0.37480314960629924,0.09212598425196851,0.16062992125984252,36.59133858267717,0.0,0.0,1.0,4.0,7.0,2.0,8.0,13.0,49.5,False,False,False,24386.49,7383.37,5679.99,451.48,110.95,19.64,5.79,4.45,,0.61,122.03,0.9213127547124471,0.9811028784344483,1.2620303570949165,1962.0,1977.0,16
Elvin Hayes,hayesel01,historical,1303.0,27313.0,16279.0,2398.0,864.0,1771.0,1358.0,50000.0,0.452,0.147,0.67,17.7,0.491,,120.8,0.116,0.6,21.4,0.2,0.4,20.961627014581733,12.493476592478896,1.8403683806600153,0.6630851880276285,1.3591711435149654,1.0422102839600922,38.37298541826554,0.0,0.0,0.0,3.0,3.0,0.0,1.0,12.0,18.0,False,False,False,25675.91,15314.68,2262.14,818.32,1671.28,20.17,11.74,1.73,0.54,0.59,113.64,0.9429812369662492,1.002851182708936,1.2134745889104774,1968.0,1983.0,16
Wes Unseld,unselwe01,historical,984.0,10624.0,13769.0,3822.0,628.0,367.0,579.0,35832.0,0.509,0.5,0.633,16.0,0.537,,110.1,0.147,2.9,25.3,1.1,1.8,10.796747967479675,13.992886178861788,3.8841463414634148,0.6382113821138211,0.37296747967479676,0.5884146341463414,36.41463414634146,1.0,0.0,1.0,1.0,4.0,0.0,1.0,5.0,19.5,False,False,False,9941.24,12895.56,3580.03,590.66,344.63,10.21,12.98,3.61,0.61,0.64,103.28,0.9379758300047214,0.9945784504767944,1.2359894024222162,1968.0,1980.0,13
Dave Cowens,cowenda01,historical,766.0,13516.0,10444.0,2910.0,599.0,488.0,543.0,29565.0,0.46,0.071,0.783,17.0,0.496,,86.3,0.14,2.3,21.5,1.1,1.2,17.64490861618799,13.634464751958225,3.7989556135770237,0.7819843342036553,0.6370757180156658,0.7088772845953003,38.59660574412533,1.0,0.0,0.0,3.0,4.0,0.0,2.0,8.0,25.0,False,False,False,12724.47,9843.25,2739.73,563.95,459.73,16.53,12.45,3.54,0.56,0.6,81.39,0.941619846002215,1.0002843480628234,1.2311593935574876,1970.0,1982.0,11
Moses Malone,malonmo01,historical,1455.0,29580.0,17834.0,1936.0,1199.0,1889.0,4264.0,49444.0,0.495,0.096,0.76,22.0,0.569,,179.1,0.174,1.6,45.1,3.1,-1.5,20.329896907216494,12.25704467353952,1.3305841924398625,0.8240549828178694,1.2982817869415808,2.9305841924398623,33.98213058419244,3.0,0.0,1.0,4.0,4.0,0.0,1.0,12.0,39.0,False,False,False,28879.3,17782.88,1903.2,1192.1,1948.81,17.17,10.38,1.12,0.54,0.62,177.03,0.9404865198591688,1.0181820162024675,1.1398970756150333,1974.0,1994.0,23
Bernard King,kingbe01,historical,874.0,19655.0,5060.0,2863.0,866.0,230.0,2791.0,29417.0,0.518,0.172,0.73,19.2,0.561,,75.4,0.123,1.7,27.0,2.5,-0.8,22.488558352402745,5.7894736842105265,3.2757437070938216,0.9908466819221968,0.2631578947368421,3.1933638443935926,33.6578947368421,0.0,0.0,0.0,2.0,1.0,1.0,0.0,4.0,7.5,False,False,False,18458.32,4744.34,2680.37,813.86,215.93,20.74,5.17,2.93,0.58,0.62,71.07,0.937988810580389,1.014615236987675,1.123802265497941,1977.0,1992.0,14
Alex English,englial01,historical,1193.0,25613.0,6538.0,4351.0,1067.0,833.0,2821.0,38063.0,0.507,0.217,0.832,19.9,0.55,,100.7,0.127,2.0,38.2,3.3,-1.3,21.46940486169321,5.480301760268231,3.647108130762783,0.8943839061190276,0.6982397317686505,2.364626990779547,31.905280804694048,0.0,0.0,0.0,0.0,4.0,2.0,0.0,8.0,9.0,False,False,False,25368.9,6700.68,4308.37,1073.16,844.94,20.13,5.39,3.3,0.57,0.61,99.9,0.9347243864439173,1.0090101291523514,1.1445223621956644,1976.0,1990.0,17
David Thompson,thompda01,historical,592.0,13422.0,2446.0,1939.0,595.0,509.0,1379.0,19406.0,0.505,0.255,0.781,19.9,0.568,,63.3,0.156,2.3,21.2,3.3,-0.9,22.6722972972973,4.131756756756757,3.2753378378378377,1.0050675675675675,0.8597972972972973,2.329391891891892,32.7804054054054,0.0,0.0,0.0,2.0,2.0,0.0,0.0,4.0,8.0,False,False,False,12627.9,2304.35,1824.13,559.49,478.06,20.8,3.7,2.82,0.58,0.65,59.26,0.9429131481614513,1.0124996024472932,1.1798602015576938,1975.0,1983.0,9
Adrian Dantley,dantlad01,historical,955.0,23177.0,5455.0,2830.0,944.0,150.0,2503.0,34151.0,0.54,0.171,0.818,21.5,0.617,,134.2,0.189,3.1,43.8,4.1,-1.0,24.26910994764398,5.712041884816754,2.9633507853403143,0.9884816753926702,0.15706806282722513,2.6209424083769632,35.76020942408377,0.0,0.0,0.0,2.0,2.0,2.0,0.0,6.0,10.0,False,False,False,24708.82,5991.61,3061.83,1035.99,174.41,21.98,5.27,2.68,0.58,0.67,144.75,0.9351925504119779,1.0090730802924772,1.1387833009924087,1976.0,1990.0,19
Dominique Wilkins,wilkido01,historical,1074.0,26668.0,7169.0,2677.0,1378.0,642.0,2669.0,38113.0,0.461,0.319,0.811,21.6,0.536,,117.5,0.148,3.3,50.6,4.3,-1.1,24.83054003724395,6.6750465549348235,2.492551210428305,1.2830540037243947,0.5977653631284916,2.485102420856611,35.48696461824954,0.0,0.0,0.0,1.0,5.0,3.0,0.0,9.0,13.0,False,False,False,26986.91,7234.22,2684.72,1386.42,635.38,23.82,6.17,2.29,0.51,0.57,118.69,0.9509578907449113,1.0367021592330163,1.0818581273107857,1982.0,1998.0,17
James Worthy,worthja01,historical,926.0,16320.0,4708.0,2791.0,1041.0,624.0,1859.0,30001.0,0.521,0.241,0.769,17.7,0.559,,81.2,0.13,1.9,29.2,2.0,-0.1,17.624190064794817,5.084233261339093,3.014038876889849,1.1241900647948164,0.673866090712743,2.0075593952483803,32.398488120950326,0.0,0.0,0.0,0.0,0.0,0.0,0.0,0.0,0.0,False,False,False,15324.41,4431.77,2616.3,978.81,589.35,17.2,4.8,2.87,0.57,0.6,76.32,0.9406685199190967,1.0224045372787753,1.087717755124219,1982.0,1993.0,12
Dennis Rodman,rodmade01,historical,911.0,6683.0,11954.0,1600.0,611.0,531.0,1484.0,28839.0,0.521,0.231,0.584,14.6,0.546,,89.8,0.15,0.9,21.0,0.4,0.5,7.33589462129528,13.1218441273326,1.756311745334797,0.6706915477497256,0.5828759604829857,1.628979143798024,31.65642151481888,0.0,2.0,0.0,0.0,4.0,0.0,5.0,2.0,24.0,False,False,False,6298.18,11423.09,1539.72,578.3,499.65,6.62,12.95,1.7,0.54,0.56,85.21,0.9660952203415686,1.0578564221148403,1.0755264945344076,1986.0,1999.0,14
Pau Gasol,gasolpa01,historical,1226.0,20894.0,11305.0,3925.0,606.0,1941.0,2638.0,41001.0,0.507,0.368,0.753,21.4,0.565,,144.1,0.169,3.6,57.5,2.8,0.8,17.042414355628058,9.221044045676999,3.201468189233279,0.49429037520391517,1.5831973898858076,2.1517128874388254,33.44290375203915,0.0,0.0,0.0,0.0,3.0,3.0,2.0,6.0,13.5,False,False,False,23709.35,12735.77,4448.9,682.43,2185.9,16.76,9.03,3.18,0.53,0.58,163.33,1.0570589125573404,1.0935774806161118,1.0620974650595507,2001.0,2018.0,22
Tony Parker,parketo01,historical,1254.0,19473.0,3396.0,7036.0,1053.0,98.0,2865.0,38279.0,0.491,0.324,0.751,18.2,0.546,,111.3,0.14,1.1,30.1,1.5,-0.4,15.528708133971293,2.708133971291866,5.610845295055821,0.8397129186602871,0.07814992025518341,2.284688995215311,30.525518341307816,0.0,0.0,1.0,0.0,2.0,4.0,4.0,6.0,22.0,False,False,False,20762.65,3622.25,7492.67,1123.55,104.03,16.59,2.83,5.94,0.54,0.57,118.8,1.0606472591268838,1.098565649629274,1.0654732995773661,2001.0,2018.0,18
Manu Ginobili,ginobma01,historical,1057.0,14043.0,3697.0,4001.0,1392.0,319.0,2116.0,26859.0,0.447,0.369,0.827,20.2,0.582,,106.4,0.19,5.0,47.6,3.0,2.0,13.285714285714286,3.4976348155156103,3.7852412488174076,1.316934720908231,0.30179754020813626,2.0018921475875118,25.410596026490065,0.0,0.0,0.0,0.0,2.0,1.0,4.0,2.0,15.5,False,False,False,14977.6,3943.94,4261.69,1484.71,339.93,14.22,3.71,4.02,0.55,0.62,113.89,1.0626745074265538,1.0996686473815978,1.0669523869576658,2002.0,2017.0,16
Draymond Green,greendr01,active,935.0,8128.0,6386.0,5234.0,1227.0,921.0,2168.0,26746.0,0.448,0.321,0.71,14.2,0.541,,66.0,0.118,2.1,27.8,-0.7,2.8,8.693048128342246,6.829946524064171,5.597860962566845,1.3122994652406417,0.9850267379679144,2.318716577540107,28.605347593582888,0.0,1.0,0.0,0.0,1.0,3.0,4.0,4.0,18.5,False,False,False,8244.56,6477.71,5268.92,1245.35,935.55,8.72,6.89,5.78,0.51,0.54,67.06,1.0129400428533695,1.0176017918319873,1.0109768852239447,2012.0,2025.0,14
Klay Thompson,thompkl01,active,923.0,17224.0,3173.0,2067.0,756.0,459.0,1480.0,29085.0,0.448,0.409,0.858,15.6,0.571,,57.7,0.095,0.4,17.5,1.6,-1.2,18.66088840736728,3.4377031419284942,2.23943661971831,0.819068255687974,0.49729144095341277,1.6034669555796317,31.511375947995667,0.0,0.0,0.0,0.0,2.0,2.0,4.0,5.0,17.5,False,False,False,17641.32,3248.03,2119.79,777.98,471.03,19.01,3.5,2.3,0.55,0.58,59.4,1.0218922155765229,1.0292751761651304,1.0180373760780108,2011.0,2025.0,13
Russell Westbrook,westbru01,active,1298.0,27148.0,9009.0,10323.0,2033.0,416.0,5030.0,42938.0,0.438,0.308,0.771,21.3,0.526,,112.9,0.126,3.5,59.1,3.1,0.4,20.915254237288135,6.940677966101695,7.953004622496148,1.566255778120185,0.3204930662557781,3.8751926040061635,33.080123266563945,1.0,0.0,0.0,2.0,5.0,5.0,0.0,9.0,21.0,False,False,False,29056.49,9620.76,11129.76,2168.21,458.8,21.04,6.92,8.03,0.48,0.53,118.55,1.022624425598172,1.0307898906586073,1.0186385594735987,2008.0,2025.0,20
James Harden,hardeja01,active,1207.0,29047.0,6745.0,8768.0,1778.0,677.0,4461.0,41971.0,0.439,0.363,0.862,23.6,0.608,,180.9,0.207,6.2,87.2,5.5,0.8,24.065451532725767,5.588235294117647,7.264291632145816,1.4730737365368682,0.5608947804473903,3.695940347970174,34.77299088649544,1.0,0.0,0.0,6.0,4.0,3.0,0.0,10.0,27.5,False,False,False,33483.33,7979.36,10472.87,2017.45,778.22,24.04,5.89,8.03,0.53,0.61,205.79,1.0129206795841654,1.0163756143096854,1.0088024283461967,2009.0,2025.0,23
Damian Lillard,lillada01,active,900.0,22598.0,3845.0,6069.0,874.0,267.0,2541.0,32614.0,0.439,0.371,0.899,22.2,0.59,,118.4,0.174,4.6,54.5,5.5,-0.9,25.108888888888888,4.272222222222222,6.743333333333333,0.9711111111111111,0.2966666666666667,2.8233333333333333,36.23777777777778,0.0,0.0,0.0,2.0,3.0,2.0,0.0,7.0,11.5,False,False,False,22945.59,3908.74,6169.53,889.74,271.77,25.71,4.35,6.91,0.53,0.6,120.11,1.0151738923036289,1.0218977461294547,1.0137623106150029,2012.0,2024.0,13
Devin Booker,bookede01,active,723.0,17716.0,2919.0,3826.0,622.0,204.0,2195.0,24818.0,0.463,0.352,0.873,19.0,0.58,,56.4,0.109,1.1,19.6,2.6,-1.4,24.503457814661136,4.037344398340249,5.291839557399723,0.8603042876901799,0.2821576763485477,3.035961272475795,34.326417704011064,0.0,0.0,0.0,1.0,1.0,2.0,0.0,4.0,6.0,False,False,False,17672.13,2911.68,3811.93,621.1,203.68,24.65,4.07,5.33,0.52,0.58,55.82,0.9987482884487335,0.9975038490848598,0.9983895975975291,2015.0,2025.0,11
Luka Doncic,doncilu01,active,504.0,14652.0,4308.0,4157.0,638.0,232.0,1992.0,17630.0,0.469,0.352,0.754,25.8,0.591,,65.2,0.178,7.8,43.6,6.6,1.2,29.071428571428573,8.547619047619047,8.248015873015873,1.2658730158730158,0.4603174603174603,3.9523809523809526,34.98015873015873,0.0,0.0,0.0,4.0,2.0,0.0,0.0,5.0,12.5,False,False,False,15905.0,4673.69,4495.07,720.02,250.61,28.5,8.38,8.05,0.53,0.58,70.38,0.9895268133720805,0.9770349357477317,0.9821422794304239,2018.0,2025.0,10
Giannis Antetokounmpo,antetgi01,active,894.0,21500.0,8868.0,4476.0,995.0,1088.0,2700.0,29250.0,0.554,0.285,0.691,26.1,0.613,,125.7,0.206,6.8,65.4,4.6,2.2,24.049217002237135,9.919463087248323,5.006711409395973,1.1129753914988814,1.2170022371364653,3.0201342281879193,32.718120805369125,2.0,1.0,1.0,5.0,2.0,2.0,1.0,9.0,35.5,False,False,False,21565.04,8909.9,4493.7,1005.08,1099.27,24.68,10.11,5.11,0.57,0.61,126.01,1.0079618862374058,1.0099069245683772,1.006876206065347,2013.0,2025.0,13
Joel Embiid,embiijo01,active,485.0,13401.0,5236.0,1788.0,432.0,773.0,1645.0,15436.0,0.501,0.338,0.83,28.0,0.613,,68.3,0.212,6.7,33.9,5.2,1.5,27.630927835051548,10.795876288659795,3.6865979381443297,0.8907216494845361,1.5938144329896908,3.3917525773195876,31.82680412371134,1.0,0.0,0.0,4.0,2.0,2.0,0.0,7.0,19.5,False,False,False,13369.09,5229.13,1783.41,430.69,773.75,26.91,10.29,3.7,0.52,0.6,67.97,0.9968754440774745,0.9923355737062642,0.9939285573572819,2016.0,2025.0,10
Anthony Davis,davisan02,active,807.0,19385.0,8637.0,2065.0,1055.0,1848.0,1614.0,27741.0,0.522,0.295,0.793,26.7,0.591,,120.2,0.208,5.8,54.9,4.3,1.5,24.02106567534077,10.702602230483272,2.5588599752168526,1.3073110285006195,2.2899628252788102,2.0,34.37546468401487,0.0,0.0,0.0,4.0,3.0,1.0,1.0,8.0,18.5,False,False,False,20906.37,9352.56,2261.16,1131.66,1990.69,23.78,10.74,2.79,0.53,0.59,128.88,1.0093100374966983,1.010620866098603,1.0064505689634748,2012.0,2025.0,16
Nikola Jokic,jokicni01,active,796.0,17673.0,8787.0,5915.0,1022.0,577.0,2368.0,25417.0,0.561,0.362,0.825,28.9,0.641,,140.2,0.265,10.6,80.7,7.6,3.0,22.202261306532662,11.03894472361809,7.430904522613066,1.2839195979899498,0.7248743718592965,2.9748743718592965,31.930904522613066,3.0,0.0,1.0,5.0,1.0,1.0,1.0,7.0,36.0,True,False,False,17607.91,8770.16,5891.27,1019.49,576.76,22.37,11.09,7.54,0.59,0.64,139.39,0.9987482884487335,0.9975038490848598,0.9983895975975291,2015.0,2025.0,11
Kawhi Leonard,leonaka01,active,784.0,16174.0,4987.0,2428.0,1357.0,494.0,1317.0,24937.0,0.499,0.391,0.864,23.6,0.606,,110.3,0.212,6.6,54.3,4.7,1.9,20.630102040816325,6.360969387755102,3.0969387755102042,1.7308673469387754,0.6301020408163265,1.6798469387755102,31.807397959183675,0.0,2.0,2.0,2.0,4.0,1.0,2.0,6.0,27.5,False,False,False,16358.33,5084.92,2451.55,1385.09,504.6,20.79,6.37,3.13,0.56,0.61,112.19,1.0184015181206856,1.02636949933845,1.0172162974477108,2011.0,2025.0,14
Paul George,georgpa01,active,935.0,19128.0,5823.0,3469.0,1579.0,414.0,2467.0,31340.0,0.439,0.383,0.853,19.1,0.57,,91.1,0.14,3.7,44.7,2.5,1.1,20.457754010695187,6.227807486631016,3.7101604278074864,1.6887700534759358,0.44278074866310163,2.6385026737967916,33.518716577540104,0.0,0.0,0.0,2.0,2.0,5.0,0.0,9.0,13.0,False,False,False,19492.39,5961.8,3532.71,1616.69,424.22,19.86,6.1,3.7,0.52,0.57,93.53,1.0194272955864347,1.0274537606880743,1.0175050146058657,2010.0,2025.0,16
Kyrie Irving,irvinky01,active,779.0,18433.0,3173.0,4364.0,1022.0,337.0,1943.0,26879.0,0.474,0.394,0.888,22.2,0.584,,91.0,0.163,4.5,43.7,4.7,-0.3,23.662387676508345,4.073170731707317,5.602053915275995,1.3119383825417201,0.4326059050064185,2.4942233632862645,34.504492939666235,0.0,0.0,1.0,1.0,4.0,2.0,1.0,7.0,16.5,False,False,False,20436.04,3538.85,4799.06,1112.96,387.61,24.74,4.33,5.71,0.55,0.59,100.18,1.0168390990547984,1.023007128574986,1.0121382303042001,2011.0,2024.0,16
Jimmy Butler,butleji01,active,907.0,16658.0,4858.0,3957.0,1455.0,387.0,1459.0,29972.0,0.474,0.33,0.844,21.8,0.592,,129.6,0.207,5.0,52.8,3.7,1.3,18.366041896361633,5.356119073869901,4.362734288864388,1.6041896361631753,0.42668136714443217,1.6085997794928335,33.045203969129,0.0,0.0,0.0,1.0,4.0,3.0,0.0,6.0,10.5,False,False,False,19035.59,5565.21,4546.08,1677.68,451.83,18.49,5.36,4.49,0.51,0.6,147.71,1.0126137297002764,1.0175567413906068,1.0106545581415005,2011.0,2025.0,19
Bam Adebayo,adebaba01,active,626.0,10105.0,5601.0,2215.0,672.0,530.0,1321.0,19226.0,0.525,0.319,0.759,19.7,0.587,,62.8,0.157,2.5,21.8,1.0,1.5,16.142172523961662,8.947284345047922,3.538338658146965,1.073482428115016,0.8466453674121406,2.110223642172524,30.712460063897762,0.0,0.0,0.0,0.0,1.0,2.0,0.0,3.0,3.5,False,False,False,10020.39,5560.7,2194.54,666.78,526.4,16.14,8.93,3.52,0.53,0.58,62.34,0.994234587471975,0.9872331290338965,0.9893959279278443,2017.0,2025.0,9
Jayson Tatum,tatumja01,active,588.0,13843.0,4313.0,2254.0,642.0,384.0,1393.0,20266.0,0.459,0.369,0.84,20.3,0.583,,65.7,0.156,3.8,29.4,3.2,0.6,23.542517006802722,7.335034013605442,3.8333333333333335,1.0918367346938775,0.6530612244897959,2.369047619047619,34.465986394557824,0.0,0.0,1.0,2.0,2.0,3.0,1.0,6.0,16.5,False,False,False,13758.11,4290.07,2237.17,639.23,382.98,23.05,7.24,3.82,0.52,0.57,65.35,0.994234587471975,0.9872331290338965,0.9893959279278443,2017.0,2025.0,9
Jaylen Brown,brownja02,active,662.0,13113.0,3628.0,1894.0,671.0,253.0,1489.0,20475.0,0.478,0.358,0.735,17.4,0.571,,46.2,0.108,0.6,13.6,0.9,-0.2,19.808157099697887,5.480362537764351,2.8610271903323263,1.013595166163142,0.3821752265861027,2.2492447129909365,30.929003021148038,0.0,0.0,1.0,0.0,1.0,1.0,1.0,2.0,8.5,False,False,False,13034.39,3611.69,1879.7,668.13,252.15,20.09,5.55,2.92,0.53,0.56,45.92,0.9968754440774745,0.9923355737062642,0.9939285573572819,2016.0,2025.0,10
Donovan Mitchell,mitchdo01,active,597.0,14962.0,2586.0,2866.0,830.0,190.0,1620.0,20184.0,0.452,0.366,0.842,20.3,0.574,,58.8,0.14,3.7,28.9,3.6,0.1,25.061976549413735,4.331658291457287,4.800670016750419,1.390284757118928,0.31825795644891125,2.71356783919598,33.80904522613066,0.0,0.0,0.0,0.0,2.0,2.0,0.0,4.0,5.0,False,False,False,14883.4,2572.29,2848.77,826.88,189.5,25.05,4.34,4.85,0.52,0.57,58.42,0.994234587471975,0.9872331290338965,0.9893959279278443,2017.0,2025.0,9
De'Aaron Fox,foxde01,active,588.0,12488.0,2293.0,3624.0,825.0,235.0,1581.0,19458.0,0.472,0.332,0.746,18.5,0.559,,39.2,0.097,1.0,14.7,1.6,-0.6,21.238095238095237,3.8996598639455784,6.163265306122449,1.403061224489796,0.39965986394557823,2.688775510204082,33.09183673469388,0.0,0.0,0.0,0.0,0.0,1.0,0.0,1.0,1.0,False,False,False,13842.82,2573.85,3991.14,910.13,258.5,21.26,4.0,6.19,0.51,0.55,43.21,0.9923555715679796,0.9826006302940812,0.9867360056028157,2017.0,2025.0,11
Ja Morant,moranja01,active,327.0,7331.0,1513.0,2428.0,335.0,92.0,1108.0,10370.0,0.466,0.311,0.773,20.0,0.557,,24.5,0.114,2.5,11.8,3.2,-0.7,22.418960244648318,4.626911314984709,7.425076452599388,1.0244648318042813,0.28134556574923547,3.388379204892966,31.712538226299696,0.0,0.0,0.0,1.0,1.0,0.0,0.0,2.0,4.0,False,False,False,7251.96,1497.21,2399.91,331.19,90.97,22.22,4.57,7.47,0.49,0.54,24.26,0.9880379524460935,0.9736314396501792,0.9790479137891237,2019.0,2025.0,7
Zion Williamson,willizi01,active,264.0,6351.0,1709.0,1089.0,270.0,165.0,713.0,8193.0,0.588,0.324,0.694,24.8,0.628,,29.1,0.171,4.6,13.6,4.5,0.1,24.056818181818183,6.473484848484849,4.125,1.0227272727272727,0.625,2.7007575757575757,31.03409090909091,0.0,0.0,0.0,0.0,1.0,1.0,0.0,2.0,2.5,False,False,False,6267.01,1686.24,1075.29,266.52,162.8,23.63,6.47,3.97,0.58,0.62,28.81,0.9874051649505499,0.9728941282983877,0.9797615068972797,2019.0,2025.0,6
Paolo Banchero,banchpa01,active,253.0,5653.0,1868.0,1194.0,202.0,148.0,744.0,8733.0,0.449,0.318,0.739,17.3,0.547,,15.1,0.083,1.0,6.6,1.1,-0.2,22.343873517786562,7.383399209486166,4.719367588932807,0.7984189723320159,0.5849802371541502,2.940711462450593,34.51778656126482,0.0,0.0,0.0,0.0,0.0,1.0,0.0,1.0,1.0,False,False,False,5598.62,1850.18,1182.19,200.25,146.6,22.2,7.4,4.67,0.48,0.53,15.03,0.9898934652722854,0.9676784403594488,0.9743151027474206,2022.0,2025.0,4
Victor Wembanyama,wembavi01,active,168.0,3872.0,1829.0,588.0,191.0,583.0,540.0,5126.0,0.48,0.344,0.812,24.9,0.591,,14.7,0.138,6.8,11.3,3.4,3.3,23.047619047619047,10.886904761904763,3.5,1.1369047619047619,3.4702380952380953,3.2142857142857144,30.511904761904763,0.0,1.0,0.0,0.0,1.0,0.0,0.0,1.0,3.5,True,False,False,3818.7,1804.04,580.16,188.45,575.12,22.73,10.77,3.41,0.53,0.58,14.58,0.9858796780684105,0.9597978963683548,0.9735562168966857,2023.0,2025.0,3
Shai Gilgeous-Alexander,gilgesh01,active,517.0,13041.0,2459.0,2727.0,741.0,415.0,1190.0,17139.0,0.507,0.359,0.866,24.3,0.615,,73.2,0.205,6.3,35.7,4.8,1.4,25.224371373307545,4.7562862669245645,5.274661508704062,1.4332688588007736,0.8027079303675049,2.3017408123791103,33.150870406189554,0.0,0.0,0.0,3.0,0.0,1.0,0.0,3.0,8.0,True,False,False,12915.64,2435.86,2701.94,735.09,411.41,25.09,4.74,5.33,0.54,0.6,72.33,0.9909335167151005,0.9808550731934365,0.9839862605029832,2018.0,2025.0,8
Cade Cunningham,cunnica01,active,266.0,6029.0,1448.0,2109.0,299.0,177.0,1012.0,9037.0,0.449,0.341,0.84,18.0,0.545,,14.4,0.076,2.1,9.5,2.3,-0.2,22.665413533834588,5.443609022556391,7.928571428571429,1.1240601503759398,0.6654135338345865,3.8045112781954886,33.973684210526315,0.0,0.0,0.0,0.0,1.0,0.0,0.0,1.0,1.5,False,False,False,5953.43,1430.42,2081.92,295.32,174.75,21.78,5.49,7.55,0.48,0.52,14.27,0.9902817077016992,0.9697538138397446,0.9744053532259738,2021.0,2025.0,5
Evan Mobley,mobleev01,active,320.0,5316.0,2853.0,971.0,264.0,515.0,612.0,10401.0,0.543,0.313,0.681,18.9,0.595,,33.2,0.153,2.4,11.5,0.8,1.6,16.6125,8.915625,3.034375,0.825,1.609375,1.9125,32.503125,0.0,1.0,0.0,0.0,0.0,1.0,0.0,1.0,3.0,False,False,False,5266.31,2827.19,961.74,261.54,510.19,16.32,8.84,3.05,0.56,0.58,32.79,0.9902817077016992,0.9697538138397446,0.9744053532259738,2021.0,2025.0,5
Scottie Barnes,barnesc01,active,339.0,5941.0,2560.0,1704.0,418.0,364.0,807.0,11684.0,0.472,0.3,0.776,17.4,0.547,,25.3,0.104,2.0,11.8,1.3,0.8,17.525073746312685,7.551622418879056,5.0265486725663715,1.233038348082596,1.0737463126843658,2.3805309734513274,34.46607669616519,0.0,0.0,0.0,0.0,0.0,0.0,0.0,0.0,0.0,False,False,False,5882.68,2535.37,1687.44,413.85,360.2,17.38,7.52,5.04,0.5,0.53,25.06,0.9902817077016992,0.9697538138397446,0.9744053532259738,2021.0,2025.0,5
Paul Pierce,piercpa01,historical,1343.0,26397.0,7527.0,4708.0,1752.0,745.0,3532.0,45880.0,0.445,0.368,0.806,19.7,0.568,,150.0,0.157,3.7,65.5,3.1,0.6,19.655249441548772,5.604616530156366,3.505584512285927,1.304542069992554,0.5547282204020849,2.629932985852569,34.16232315711095,0.0,0.0,1.0,0.0,3.0,5.0,1.0,10.0,16.5,False,False,False,28284.3,8057.36,5048.63,1877.25,796.66,20.64,5.82,3.6,0.54,0.6,160.96,1.0649122413029108,1.1117466169214854,1.073351036702703,1998.0,2016.0,19
Ray Allen,allenra02,historical,1300.0,24505.0,5272.0,4361.0,1451.0,244.0,2709.0,46344.0,0.452,0.4,0.894,18.6,0.58,,145.1,0.15,2.9,57.6,3.6,-0.7,18.85,4.055384615384615,3.3546153846153848,1.116153846153846,0.18769230769230769,2.083846153846154,35.64923076923077,0.0,0.0,0.0,0.0,0.0,1.0,2.0,10.0,11.5,False,False,False,28020.97,6030.98,5012.09,1658.76,275.63,21.08,4.45,3.74,0.57,0.62,164.96,1.067915355353519,1.1215602474947612,1.0790704392213664,1996.0,2013.0,20
Vince Carter,cartevi01,historical,1541.0,25728.0,6606.0,4714.0,1530.0,888.0,2590.0,46367.0,0.435,0.371,0.798,18.6,0.536,,125.3,0.13,3.0,57.9,2.9,0.0,16.695652173913043,4.286826735885788,3.0590525632706034,0.9928617780661908,0.5762491888384166,1.680726800778715,30.088903309539262,0.0,0.0,0.0,0.0,0.0,1.0,0.0,8.0,4.5,False,False,False,30606.27,7759.27,5544.68,1818.07,1016.49,18.09,4.5,3.2,0.52,0.56,148.29,1.059840675364425,1.1030162106375783,1.0678052502060944,1998.0,2019.0,26
Tracy McGrady,mcgratr01,historical,938.0,18381.0,5276.0,4161.0,1136.0,807.0,2029.0,30658.0,0.435,0.338,0.746,22.1,0.519,,97.3,0.152,5.2,55.7,4.7,0.5,19.595948827292112,5.6247334754797444,4.436034115138593,1.211087420042644,0.8603411513859275,2.1631130063965887,32.68443496801706,0.0,0.0,0.0,2.0,3.0,2.0,0.0,7.0,11.5,False,False,False,20003.79,5750.43,4571.72,1233.87,876.72,18.71,5.4,4.39,0.49,0.54,104.74,1.0689504939076504,1.1202021969008484,1.079313110591888,1997.0,2011.0,17
Grant Hill,hillgr01,historical,1026.0,17137.0,6169.0,4252.0,1248.0,576.0,2459.0,34776.0,0.483,0.314,0.769,19.0,0.551,,99.9,0.138,3.0,43.6,2.2,0.8,16.702729044834307,6.012670565302145,4.144249512670565,1.2163742690058479,0.5614035087719298,2.3966861598440548,33.89473684210526,0.0,0.0,0.0,0.0,1.0,3.0,0.0,7.0,6.0,False,False,False,17870.95,6411.24,4401.29,1298.26,599.85,17.14,6.16,4.23,0.52,0.58,103.95,1.0539571541258976,1.1143390233214379,1.076860140374603,1994.0,2012.0,18
Alonzo Mourning,mournal01,historical,838.0,14311.0,7137.0,946.0,414.0,2356.0,2209.0,25975.0,0.527,0.247,0.692,21.2,0.583,,89.7,0.166,2.2,27.4,0.8,1.4,17.077565632458235,8.516706443914082,1.1288782816229117,0.49403341288782815,2.81145584725537,2.636038186157518,30.9964200477327,0.0,2.0,0.0,0.0,3.0,2.0,1.0,7.0,14.5,False,False,False,14794.05,7460.64,975.3,427.6,2485.85,15.57,7.81,1.0,0.56,0.61,92.65,1.0405201201063088,1.115264258259449,1.0810281146848832,1992.0,2007.0,17
Dikembe Mutombo,mutomdi01,historical,1196.0,11729.0,12359.0,1240.0,494.0,3289.0,2173.0,36791.0,0.518,0.0,0.684,17.2,0.573,,117.0,0.153,1.7,33.9,-0.1,1.8,9.80685618729097,10.33361204013378,1.0367892976588629,0.41304347826086957,2.75,1.8168896321070234,30.76170568561873,0.0,4.0,0.0,0.0,3.0,3.0,0.0,8.0,16.5,False,False,False,12623.96,13631.38,1317.86,528.27,3531.88,9.57,10.26,0.95,0.54,0.61,128.07,1.0351227671391763,1.1085353729142742,1.0801661415331394,1991.0,2008.0,20
Bob McAdoo,mcadobo01,historical,852.0,18787.0,8048.0,1951.0,751.0,1147.0,1223.0,28327.0,0.503,0.081,0.754,20.7,0.551,,89.1,0.151,2.2,27.2,2.4,-0.2,22.050469483568076,9.446009389671362,2.289906103286385,0.8814553990610329,1.346244131455399,1.4354460093896713,33.247652582159624,1.0,0.0,0.0,2.0,1.0,0.0,2.0,5.0,18.5,False,False,False,21038.03,9019.19,2211.53,864.78,1254.73,19.35,8.02,2.13,0.57,0.62,98.95,0.9448976817782391,1.0077786719405284,1.1859835068562619,1972.0,1985.0,20
Artis Gilmore,gilmoar01,historical,1329.0,24941.0,16330.0,3050.0,723.0,3178.0,3926.0,47134.0,0.582,0.15,0.698,21.4,0.623,,189.7,0.193,3.1,51.6,2.4,0.8,18.766741911211437,12.287434161023326,2.2949586155003763,0.5440180586907449,2.3912716328066215,2.9541008276899925,35.46576373212942,0.0,0.0,0.0,2.0,4.0,0.0,0.0,11.0,13.5,False,False,False,23905.85,15696.97,2906.78,700.32,3048.21,16.5,10.5,1.94,0.66,0.7,181.04,0.9440846317817819,1.0068319371593668,1.1674021737291171,1971.0,1987.0,19
Sidney Moncrief,moncrsi01,historical,767.0,11931.0,3575.0,2793.0,924.0,228.0,1551.0,23150.0,0.502,0.284,0.831,18.7,0.591,,90.3,0.187,3.7,33.1,3.2,0.5,15.555410691003912,4.661016949152542,3.6414602346805736,1.2046936114732725,0.29726205997392435,2.0221642764015644,30.18252933507171,0.0,2.0,0.0,1.0,3.0,0.0,0.0,5.0,11.5,False,False,False,11369.71,3398.51,2657.3,878.23,216.65,14.86,4.28,3.42,0.56,0.64,86.26,0.9438214402139299,1.0160041467451701,1.1115170755109027,1979.0,1990.0,11
Jack Sikma,sikmaja01,historical,1107.0,17287.0,10816.0,3488.0,1162.0,1048.0,2586.0,36943.0,0.464,0.328,0.849,17.3,0.54,,112.5,0.146,2.0,37.0,0.9,1.1,15.616079494128275,9.770551038843722,3.1508581752484193,1.0496838301716351,0.9467028003613369,2.3360433604336044,33.37217705510388,0.0,0.0,0.0,0.0,0.0,0.0,0.0,0.0,0.0,False,False,False,16283.13,10180.32,3280.58,1093.28,987.23,15.17,9.17,2.97,0.53,0.6,105.91,0.9390508445524691,1.0113728373783364,1.126212894267582,1977.0,1990.0,14
Dennis Johnson,johnsde01,historical,1100.0,15535.0,4249.0,5499.0,1477.0,675.0,2448.0,35954.0,0.445,0.172,0.797,14.6,0.511,,82.6,0.11,0.7,24.3,0.3,0.4,14.122727272727273,3.862727272727273,4.999090909090909,1.3427272727272728,0.6136363636363636,2.2254545454545456,32.68545454545455,0.0,1.0,0.0,0.0,3.0,2.0,3.0,5.0,17.5,False,False,False,14639.22,3999.66,5174.85,1387.95,633.81,13.64,3.62,4.73,0.51,0.58,77.98,0.9402227029994459,1.0101619581668388,1.138151069234562,1976.0,1989.0,14
Maurice Cheeks,cheekma01,historical,1101.0,12195.0,3088.0,7392.0,2310.0,294.0,2268.0,34845.0,0.523,0.255,0.793,16.5,0.572,,103.5,0.143,2.8,42.1,1.2,1.6,11.076294277929156,2.8047229791099,6.713896457765667,2.0980926430517712,0.2670299727520436,2.0599455040871937,31.64850136239782,0.0,0.0,0.0,0.0,0.0,0.0,0.0,0.0,0.0,False,False,False,12213.22,3121.88,7374.87,2290.8,287.02,10.24,2.56,6.01,0.57,0.62,104.06,0.9374910858615503,1.0157732222909936,1.1073051991770766,1978.0,1992.0,17
Bobby Jones,jonesbo01,historical,941.0,11391.0,5739.0,2522.0,1387.0,1319.0,1683.0,25728.0,0.56,0.0,0.766,18.2,0.607,,94.1,0.175,4.3,41.0,2.0,2.3,12.105207226354942,6.098831030818278,2.680127523910733,1.4739638682252922,1.4017003188097767,1.7885228480340063,27.341126461211477,0.0,0.0,0.0,0.0,0.0,0.0,0.0,0.0,0.0,False,False,False,10777.81,5426.72,2390.61,1312.75,1248.17,11.67,5.7,2.52,0.63,0.69,88.86,0.9482587093649922,1.0121869715403853,1.1723198445668208,1974.0,1985.0,12
Spencer Haywood,haywosp01,historical,844.0,17111.0,8675.0,1541.0,355.0,629.0,969.0,29408.0,0.469,0.053,0.796,19.1,0.521,,78.5,0.128,-0.3,7.7,0.5,-0.8,20.273696682464454,10.278436018957345,1.8258293838862558,0.4206161137440758,0.745260663507109,1.1481042654028435,34.843601895734594,0.0,0.0,0.0,0.0,0.0,0.0,0.0,0.0,0.0,False,False,False,17459.56,8677.46,1570.57,373.02,670.85,19.0,9.1,1.67,0.56,0.62,78.17,0.9400214718250418,1.000502837439925,1.225516795190339,1969.0,1982.0,15
Connie Hawkins,hawkico01,historical,616.0,11528.0,5450.0,2556.0,244.0,150.0,355.0,22232.0,0.479,0.161,0.779,19.9,0.55,,76.7,0.166,1.4,4.9,0.5,0.9,18.714285714285715,8.847402597402597,4.14935064935065,0.3961038961038961,0.2435064935064935,0.5762987012987013,36.09090909090909,0.0,0.0,0.0,0.0,0.0,0.0,0.0,0.0,0.0,False,False,False,11734.19,5643.46,2791.49,342.5,221.59,16.73,7.83,3.9,0.58,0.65,78.4,0.9440011249584679,0.9896183254791258,1.2548100031608076,1967.0,1975.0,11
Calvin Murphy,murphca01,historical,1002.0,17949.0,2103.0,4402.0,1165.0,51.0,822.0,30607.0,0.482,0.139,0.892,18.0,0.536,,84.1,0.132,0.6,15.8,1.4,-0.8,17.91317365269461,2.0988023952095807,4.393213572854291,1.1626746506986028,0.05089820359281437,0.8203592814371258,30.545908183632733,0.0,0.0,0.0,0.0,0.0,0.0,0.0,0.0,0.0,False,False,False,16905.4,1980.48,4156.67,1098.43,47.92,17.13,1.94,4.07,0.57,0.63,79.15,0.9445105731419484,1.0043587861762617,1.2128187720410546,1970.0,1982.0,13
Bob Love,lovebo01,historical,789.0,13895.0,4653.0,1123.0,232.0,56.0,,25120.0,0.429,,0.805,14.9,0.485,,50.4,0.096,-1.8,0.4,-0.5,-1.4,17.61089987325729,5.897338403041825,1.423320659062104,0.29404309252217997,0.07097591888466413,,31.837769328263626,0.0,0.0,0.0,0.0,0.0,0.0,0.0,0.0,0.0,False,False,False,13772.69,4699.24,1117.82,242.5,59.17,13.42,4.71,1.07,,0.58,49.22,0.9339171024065985,0.9888438039091886,1.2541701159835212,1966.0,1976.0,16
Bailey Howell,howelba01,historical,950.0,17770.0,9383.0,1853.0,,,,30627.0,0.48,,0.762,19.1,0.544,,114.8,0.18,1.6400000000000006,3.444,1.1480000000000004,0.49200000000000016,18.705263157894738,9.876842105263158,1.9505263157894737,,,,32.23894736842105,0.0,0.0,0.0,0.0,0.0,0.0,0.0,0.0,0.0,False,True,True,15837.36,8348.83,1646.01,0.0,0.0,17.26,8.82,1.73,,0.66,102.0,0.8947606561787951,0.9662810375144071,1.2833224836739374,1959.0,1970.0,12
Paul Arizin,arizipa01,historical,713.0,16266.0,6129.0,1665.0,,,,24897.0,0.421,,0.81,19.8,0.506,,108.8,0.183,1.9200000000000004,3.264,1.344,0.5760000000000001,22.813464235624124,8.596072931276296,2.335203366058906,,,,34.918653576437585,0.0,0.0,0.0,3.0,6.0,0.0,1.0,10.0,20.0,False,True,True,15286.83,5830.06,1574.79,0.0,0.0,23.02,8.25,2.21,,0.64,104.06,0.9460564867872474,1.116672591315585,1.3344554138215394,1950.0,1961.0,10
Dolph Schayes,schaydo01,historical,996.0,18438.0,11256.0,3072.0,,,,29800.0,0.38,,0.849,22.1,0.488,,142.4,0.192,2.8400000000000007,4.272,1.9880000000000004,0.8520000000000002,18.512048192771083,11.301204819277109,3.0843373493975905,,,,29.919678714859437,0.0,0.0,0.0,6.0,6.0,0.0,1.0,12.0,27.0,False,True,True,17473.92,10821.57,2924.36,0.0,0.0,18.14,11.19,2.87,,0.62,137.48,0.9457683204567205,1.1331486537753175,1.3341929047185475,1949.0,1963.0,15
Penny Hardaway,hardaan01,historical,704.0,10684.0,3146.0,3525.0,1125.0,312.0,1786.0,23711.0,0.458,0.316,0.774,17.4,0.535,,61.9,0.125,2.5,26.9,1.7,0.8,15.176136363636363,4.46875,5.0071022727272725,1.5980113636363635,0.4431818181818182,2.5369318181818183,33.68039772727273,0.0,0.0,0.0,0.0,0.0,0.0,0.0,0.0,0.0,False,False,False,11592.53,3533.2,3753.46,1217.41,339.63,13.4,4.26,4.22,0.49,0.54,64.46,1.0457882520308197,1.1216099621003375,1.0826491093386768,1993.0,2007.0,16
Fat Lever,leverfa01,historical,752.0,10433.0,4523.0,4696.0,1666.0,209.0,1471.0,23814.0,0.447,0.31,0.771,17.8,0.496,,61.2,0.123,3.3,32.1,1.7,1.6,13.873670212765957,6.014627659574468,6.24468085106383,2.2154255319148937,0.2779255319148936,1.9561170212765957,31.66755319148936,0.0,0.0,0.0,0.0,0.0,0.0,0.0,0.0,0.0,False,False,False,9800.92,4240.02,4427.87,1569.56,197.32,12.8,5.44,5.48,0.49,0.53,57.41,0.9399297853838203,1.0206944429814906,1.089650081254679,1982.0,1993.0,11
World B. Free,freewo01,historical,886.0,17955.0,2430.0,3319.0,910.0,223.0,1869.0,26893.0,0.456,0.337,0.753,18.8,0.527,,67.7,0.121,1.2,22.0,2.6,-1.3,20.26523702031603,2.7426636568848757,3.7460496613995486,1.0270880361173815,0.2516930022573363,2.1094808126410833,30.353273137697517,0.0,0.0,0.0,0.0,0.0,0.0,0.0,0.0,0.0,False,False,False,18665.4,2490.53,3423.75,955.01,223.54,19.38,2.47,3.48,0.52,0.58,69.54,0.9484269685573197,1.015549030781455,1.1497610307770225,1975.0,1987.0,15
Mark Aguirre,aguirma01,historical,923.0,18458.0,4578.0,2871.0,687.0,296.0,2306.0,27730.0,0.484,0.312,0.741,19.0,0.542,,67.8,0.117,1.5,24.4,2.6,-1.1,19.99783315276273,4.9599133261105095,3.1105092091007585,0.7443120260021668,0.3206933911159263,2.498374864572048,30.043336944745395,0.0,0.0,0.0,0.0,0.0,0.0,0.0,0.0,0.0,False,False,False,18838.67,4678.72,2971.69,690.77,311.29,18.67,4.53,2.93,0.54,0.58,68.26,0.9395727071029814,1.0220063984143277,1.0890218979470692,1981.0,1993.0,15
Dan Issel,isselda01,historical,1218.0,27482.0,11133.0,2907.0,1039.0,572.0,2490.0,41784.0,0.499,0.204,0.793,21.5,0.559,,157.8,0.181,2.3,33.9,3.0,-0.8,22.563218390804597,9.14039408866995,2.3866995073891624,0.8530377668308703,0.4696223316912972,2.044334975369458,34.30541871921182,0.0,0.0,0.0,0.0,0.0,0.0,0.0,0.0,0.0,False,False,False,25982.86,10515.91,2746.39,983.87,542.13,21.79,8.59,2.25,0.59,0.65,149.31,0.9463782536844835,1.0068129152192273,1.19921193063345,1970.0,1984.0,15
Dave DeBusschere,debusda01,historical,875.0,14053.0,9618.0,2497.0,67.0,39.0,,31202.0,0.432,,0.699,15.5,0.472,,60.8,0.093,1.7,2.5,0.9,0.7,16.06057142857143,10.992,2.8537142857142856,0.07657142857142857,0.044571428571428574,,35.65942857142857,0.0,0.0,0.0,0.0,2.0,6.0,2.0,8.0,15.0,False,False,False,14045.07,9642.23,2470.61,64.31,37.44,14.75,9.97,2.5,,0.59,61.0,0.914799808264111,0.9725872151730446,1.270293388649422,1962.0,1973.0,14
Jerry Sloan,sloanje01,historical,755.0,10571.0,5615.0,1925.0,381.0,32.0,,25750.0,0.427,,0.722,13.2,0.477,,49.5,0.092,0.7,4.1,-1.1,1.7,14.001324503311258,7.437086092715232,2.5496688741721854,0.5046357615894039,0.0423841059602649,,34.10596026490066,0.0,0.0,0.0,0.0,0.0,0.0,0.0,0.0,0.0,False,False,False,9872.44,5245.69,1794.54,366.68,30.8,12.92,6.72,2.28,,0.59,46.52,0.9349668506258483,0.9855825098624766,1.2606552526909711,1965.0,1975.0,11
Chet Walker,walkech01,historical,1032.0,18831.0,7314.0,2126.0,117.0,10.0,,33433.0,0.47,,0.796,17.6,0.54,,117.4,0.168,2.5,5.8,3.0,-0.5,18.247093023255815,7.087209302325581,2.060077519379845,0.11337209302325581,0.009689922480620155,,32.39631782945737,0.0,0.0,0.0,0.0,0.0,0.0,0.0,0.0,0.0,False,False,False,17365.16,6682.65,1962.65,112.63,9.64,17.23,6.48,1.9,,0.65,108.86,0.9177839153351144,0.976366052662413,1.268312400952419,1962.0,1974.0,13
